<?xml version="1.0" encoding="utf-8"?>
	<ckplayer>
		<style>
			<pr_zip>{font color='#FFFFFF'}로딩완료하였습니다[$prtage]%{/font}</pr_zip>
			<!--
			加载皮肤包进度提示的文字，[$prtage]会被替换成加载百分比
			-->
			<pr_load>{font color='#FFFFFF'}로딩완료하였습니다[$prtage]%{/font}</pr_load>
			<!--
			当调用多段视频时，并且没有配置好各段视频的时间和字节数的情况下，播放器需要先读取各段视频的元数据进行计算，此时需要显示一个加载进度告诉用户已计算的情况。 
			-->
			<pr_noload>{font color='#FFFFFF'}로딩실패하였습니다{/font}</pr_noload>
			<!--
			加载视频失败时显示的内容 
			-->
			<pr_buffer>{font color='#FFFFFF'}[$buffer]%{/font}</pr_buffer>
			<!--
			视频缓冲时显示的提示，[$buffer]会被替换成缓冲的百分比数字部份
			-->
			<pr_play>플레이</pr_play>
			<!--
			鼠标经过播放按钮时的提示，支持html 
			-->
			<pr_pause>중지</pr_pause>
			<!--
			鼠标经过暂停按钮时的提示，支持html 
			-->
			<pr_mute>소음</pr_mute>
			<!--
			鼠标经过静音按钮时的提示，支持html 
			-->
			<pr_nomute>소음취소</pr_nomute>
			<!--
			鼠标经过取消静音按钮时的提示，支持html 
			-->
			<pr_full>모든화면</pr_full>
			<!--
			鼠标经过全屏按钮时的提示，支持html 
			-->
			<pr_nofull>모든화면취소</pr_nofull>
			<!--
			鼠标经过退出全屏按钮时的提示，支持html 
			-->
			<pr_fastf>앞으로</pr_fastf>
			<!--
			鼠标经过快进按钮时的提示，支持html 
			-->
			<pr_fastr>뒤로</pr_fastr>
			<!--
			鼠标经过快退按钮时的提示，支持html 
			-->
			<pr_time>[$Time]</pr_time>
			<!--
			鼠标经过进度栏时提示当前点上时间的，[$Time]会被替换成时间，支持html 
			-->
			<pr_volume>볼륨[$Volume]%</pr_volume>
			<!--
			鼠标经过音量调节框或调整音量时提示，[$Volume]会自动替换音量值(0-100) 
			-->
			<pr_clockwait>플레이</pr_clockwait>
			<!--
			在默认不加载视频，即m=1的时候，同时并没有设置视频的时间和字节，即o和w值的时候，pr_clock和pr_clock2里的[$Timewait]将被替换成这里设置的值 
			-->
			<pr_adv>{font color='#FFFFFF' size='12'}광고남은시간:{font color='#FF0000' size='15'}{b}[$Second]{/b}{/font} 초{/font}</pr_adv>
			<!--
			广告倒计时显示的内容，[$Second]将会显示倒计时的秒数
			-->
		</style>
	</ckplayer>