﻿<?xml version="1.0" encoding="utf-8"?>
<publishData>
  <publishProfile publishUrl="N:\WorkItems\HYFront\HY" deleteExistingFiles="True" ftpAnonymousLogin="False" ftpPassiveMode="True" msdeploySite="" msdeploySiteID="" msdeployRemoteSitePhysicalPath="" msdeployAllowUntrustedCertificate="False" msdeploySkipExtraFilesOnServer="True" msdeployMarkAsApp="False" profileName="配置文件1" publishMethod="FileSystem" replaceMatchingFiles="False" userName="" savePWD="False" userPWD="" SelectedForPublish="True">
    <file relUrl="scripts/kindEditor/plugins/emoticons/94.gif" publishTime="02/18/2014 10:30:49" />
    <file relUrl="scripts/kindEditor/plugins/emoticons/62.gif" publishTime="02/18/2014 10:30:49" />
    <file relUrl="scripts/kindEditor/plugins/emoticons/47.gif" publishTime="02/18/2014 10:30:49" />
    <file relUrl="js/My97DatePicker/skin/client/img.gif" publishTime="11/09/2013 15:35:11" />
    <file relUrl="img/icon-2.png" publishTime="02/12/2014 13:29:32" />
    <file relUrl="Service/IssueList.aspx" publishTime="05/07/2014 15:21:36" />
    <file relUrl="img/safe.gif" publishTime="02/12/2014 13:29:32" />
    <file relUrl="js/My97DatePicker/skin/blueFresh/datepicker.css" publishTime="11/09/2013 15:35:11" />
    <file relUrl="News/IntroduceDetail2.aspx" publishTime="05/15/2014 15:50:25" />
    <file relUrl="scripts/kindEditor/plugins/emoticons/56.gif" publishTime="02/18/2014 10:30:49" />
    <file relUrl="scripts/kindEditor/plugins/emoticons/128.gif" publishTime="02/18/2014 10:30:49" />
    <file relUrl="img/leftone xiangshu.jpg" publishTime="02/12/2014 13:29:32" />
    <file relUrl="img0/zxcz002.png" publishTime="05/07/2014 10:14:42" />
    <file relUrl="scripts/kindEditor/plugins/emoticons/49.gif" publishTime="02/18/2014 10:30:49" />
    <file relUrl="img0/tgjs.png" publishTime="05/05/2014 16:41:19" />
    <file relUrl="img0/baduki.png" publishTime="04/28/2014 13:50:52" />
    <file relUrl="img0/cjwt.png" publishTime="04/28/2014 13:50:52" />
    <file relUrl="img0/game6.png" publishTime="04/28/2014 13:50:52" />
    <file relUrl="scripts/comm.js" publishTime="02/18/2014 10:30:49" />
    <file relUrl="scripts/kindEditor/plugins/file_manager/images/file-64.gif" publishTime="02/18/2014 10:30:49" />
    <file relUrl="scripts/kindEditor/plugins/emoticons/26.gif" publishTime="02/18/2014 10:30:49" />
    <file relUrl="img0/Return.png" publishTime="05/12/2014 16:49:04" />
    <file relUrl="img/tikuanlight.jpg" publishTime="02/12/2014 13:29:32" />
    <file relUrl="UI/UEditor/themes/default/images/videologo.gif" publishTime="02/19/2014 09:11:30" />
    <file relUrl="scripts/kindEditor/skins/default/bg.gif" publishTime="02/18/2014 10:30:49" />
    <file relUrl="img/CCBbackground.jpg" publishTime="02/12/2014 13:29:32" />
    <file relUrl="img/tikuanlight (2).jpg" publishTime="02/12/2014 13:29:32" />
    <file relUrl="scripts/lhgdialog/_skins/skyblue/d_bg.gif" publishTime="02/18/2014 10:30:50" />
    <file relUrl="img0/niuniu.png" publishTime="05/06/2014 14:36:33" />
    <file relUrl="scripts/kindEditor/plugins/emoticons/12.gif" publishTime="02/18/2014 10:30:49" />
    <file relUrl="UI/UEditor/themes/default/images/center_focus.jpg" publishTime="02/19/2014 09:11:30" />
    <file relUrl="scripts/kindEditor/plugins/emoticons/130.gif" publishTime="02/18/2014 10:30:49" />
    <file relUrl="img0/xiatu02.png" publishTime="04/28/2014 13:50:52" />
    <file relUrl="scripts/kindEditor/plugins/emoticons/71.gif" publishTime="02/18/2014 10:30:49" />
    <file relUrl="img0/logo.png" publishTime="04/28/2014 13:50:52" />
    <file relUrl="img0/zxcz.png" publishTime="04/28/2014 13:50:52" />
    <file relUrl="js/My97DatePicker/skin/datePicker.gif" publishTime="11/09/2013 15:35:11" />
    <file relUrl="UI/UEditor/third-party/snapscreen/test.html" publishTime="02/19/2014 09:11:30" />
    <file relUrl="img0/yhhd02.png" publishTime="05/05/2014 13:48:53" />
    <file relUrl="img0/title_change.png" publishTime="04/28/2014 13:50:52" />
    <file relUrl="img0/header.png" publishTime="04/28/2014 13:50:52" />
    <file relUrl="scripts/lhgdialog/_skins/skyblue2/dialog_mlt.png" publishTime="02/18/2014 10:30:50" />
    <file relUrl="UI/UEditor/server/submit/net/imageManager.ashx" publishTime="02/19/2014 09:11:30" />
    <file relUrl="scripts/lhgdialog/images/d_x.gif" publishTime="02/18/2014 10:30:49" />
    <file relUrl="scripts/kindEditor/plugins/emoticons/65.gif" publishTime="02/18/2014 10:30:49" />
    <file relUrl="Themes/Standard/Index_Rolltitles.ascx" publishTime="05/07/2014 12:56:55" />
    <file relUrl="scripts/kindEditor/plugins/emoticons/51.gif" publishTime="02/18/2014 10:30:49" />
    <file relUrl="js/lhgdialog/_skins/extjs/d_x.gif" publishTime="11/09/2013 15:35:11" />
    <file relUrl="UI/UEditor/server/upload/net/fileUp.ashx" publishTime="02/19/2014 09:11:30" />
    <file relUrl="UI/UEditor/themes/default/images/localimage.png" publishTime="02/19/2014 09:11:30" />
    <file relUrl="img0/zxtk.png" publishTime="04/28/2014 13:50:52" />
    <file relUrl="js/lhgdialog/_skins/areo_gray/d_btn.gif" publishTime="11/09/2013 15:35:11" />
    <file relUrl="ads/GameRoom.aspx" publishTime="11/09/2013 15:35:15" />
    <file relUrl="img/banner-5.jpg" publishTime="02/14/2014 10:01:47" />
    <file relUrl="img/game-bannerbackgroud.png" publishTime="02/10/2014 17:09:17" />
    <file relUrl="Upload/20140218023158445.png" publishTime="02/19/2014 09:11:30" />
    <file relUrl="scripts/lhgdialog/_skins/skyblue2/dialog_closebtn.png" publishTime="02/18/2014 10:30:50" />
    <file relUrl="scripts/kindEditor/plugins/emoticons/87.gif" publishTime="02/18/2014 10:30:49" />
    <file relUrl="newpage/images/backimg.jpg" publishTime="01/23/2014 13:00:40" />
    <file relUrl="flash/FLASH.swf" publishTime="05/07/2014 10:19:03" />
    <file relUrl="img/icon2.gif" publishTime="02/15/2014 17:07:55" />
    <file relUrl="scripts/kindEditor/plugins/emoticons/96.gif" publishTime="02/18/2014 10:30:49" />
    <file relUrl="js/My97DatePicker/config.js" publishTime="11/09/2013 15:35:11" />
    <file relUrl="scripts/kindEditor/plugins/emoticons/80.gif" publishTime="02/18/2014 10:30:49" />
    <file relUrl="js/jquery-1.4.1-vsdoc.js" publishTime="01/14/2014 14:46:35" />
    <file relUrl="img/modifyuserinfo.png" publishTime="02/12/2014 13:29:32" />
    <file relUrl="js/lhgdialog/images/top.png" publishTime="11/09/2013 15:35:11" />
    <file relUrl="img0/submit.png" publishTime="04/28/2014 13:50:52" />
    <file relUrl="ads/Images/LogonLogo.swf" publishTime="11/09/2013 15:35:15" />
    <file relUrl="UI/UEditor/themes/default/images/left_focus.jpg" publishTime="02/19/2014 09:11:30" />
    <file relUrl="img/cancel.png" publishTime="02/17/2014 13:16:13" />
    <file relUrl="scripts/lhgdialog/_skins/areo_blue/leftTop.png" publishTime="02/18/2014 10:30:49" />
    <file relUrl="img0/jackpot.png" publishTime="05/04/2014 17:07:48" />
    <file relUrl="UI/UEditor/themes/default/images/none.jpg" publishTime="02/19/2014 09:11:30" />
    <file relUrl="img0/yxysbj.png" publishTime="05/12/2014 17:09:00" />
    <file relUrl="js/lhgdialog/lhgdialog.css" publishTime="11/09/2013 15:35:11" />
    <file relUrl="UI/UEditor/themes/default/images/toolbar_bg.png" publishTime="02/19/2014 09:11:30" />
    <file relUrl="scripts/My97DatePicker/calendar.js" publishTime="02/18/2014 10:30:50" />
    <file relUrl="scripts/lhgdialog/_skins/areo_gray/rightTop.png" publishTime="02/18/2014 10:30:50" />
    <file relUrl="img/icon1w.png" publishTime="02/12/2014 13:29:32" />
    <file relUrl="img/left icon3.png" publishTime="02/12/2014 13:29:32" />
    <file relUrl="img/game-downlowd1.png" publishTime="02/12/2014 13:29:32" />
    <file relUrl="scripts/My97DatePicker/skin/datePicker.gif" publishTime="02/18/2014 10:30:50" />
    <file relUrl="img/banner-register.jpg" publishTime="02/14/2014 10:01:48" />
    <file relUrl="img/ICBCbackground.jpg" publishTime="02/12/2014 13:29:32" />
    <file relUrl="scripts/kindEditor/plugins/emoticons/8.gif" publishTime="02/18/2014 10:30:49" />
    <file relUrl="ads/Platform.aspx" publishTime="11/09/2013 15:35:15" />
    <file relUrl="img0/yxgzan.png" publishTime="04/30/2014 14:33:21" />
    <file relUrl="js/lhgdialog/images/right.png" publishTime="11/09/2013 15:35:11" />
    <file relUrl="img0/btn_ldogin.png" publishTime="05/12/2014 11:02:22" />
    <file relUrl="img/zuce-icon.png" publishTime="02/12/2014 13:29:32" />
    <file relUrl="js/lhgdialog/_skins/areo_gray/leftTop.png" publishTime="11/09/2013 15:35:11" />
    <file relUrl="scripts/kindEditor/plugins/emoticons/43.gif" publishTime="02/18/2014 10:30:49" />
    <file relUrl="UI/UEditor/themes/default/images/right.jpg" publishTime="02/19/2014 09:11:30" />
    <file relUrl="js/lhgdialog/_skins/default/d_btn.gif" publishTime="11/09/2013 15:35:11" />
    <file relUrl="scripts/lhgdialog/_skins/skyblue/lhgdialog.css" publishTime="02/18/2014 10:30:50" />
    <file relUrl="scripts/kindEditor/plugins/emoticons/99.gif" publishTime="02/18/2014 10:30:49" />
    <file relUrl="img0/list_bottom_bottom.png" publishTime="04/29/2014 11:24:06" />
    <file relUrl="UI/UEditor/themes/default/images/left.jpg" publishTime="02/19/2014 09:11:30" />
    <file relUrl="Themes/Standard/QQService.ascx" publishTime="05/13/2014 10:20:48" />
    <file relUrl="scripts/lhgdialog/images/right.png" publishTime="02/18/2014 10:30:49" />
    <file relUrl="images/QpGameBg.png" publishTime="02/19/2014 15:21:31" />
    <file relUrl="scripts/kindEditor/plugins/emoticons/134.gif" publishTime="02/18/2014 10:30:49" />
    <file relUrl="img/index-zuche.png" publishTime="02/12/2014 13:29:32" />
    <file relUrl="scripts/kindEditor/plugins/emoticons/93.gif" publishTime="02/18/2014 10:30:49" />
    <file relUrl="img0/game3.png" publishTime="04/28/2014 13:50:52" />
    <file relUrl="js/lhgdialog/_skins/areo_gray/right.png" publishTime="11/09/2013 15:35:11" />
    <file relUrl="scripts/kindEditor/plugins/emoticons/106.gif" publishTime="02/18/2014 10:30:49" />
    <file relUrl="scripts/My97DatePicker/skin/ext/img.gif" publishTime="02/18/2014 10:30:50" />
    <file relUrl="scripts/kindEditor/plugins/emoticons/63.gif" publishTime="02/18/2014 10:30:49" />
    <file relUrl="Themes/Standard/Common_Header.ascx" publishTime="05/10/2014 11:08:25" />
    <file relUrl="img/game-downlowd.png" publishTime="02/12/2014 13:29:32" />
    <file relUrl="img0/beiyongwangzhi.png" publishTime="05/06/2014 16:49:06" />
    <file relUrl="scripts/kindEditor/plugins/emoticons/105.gif" publishTime="02/18/2014 10:30:49" />
    <file relUrl="img/gundongcontain (2).jpg" publishTime="02/12/2014 13:29:32" />
    <file relUrl="img0/btn_ldogin02.png" publishTime="05/12/2014 11:02:22" />
    <file relUrl="img/22.jpg" publishTime="02/12/2014 13:29:32" />
    <file relUrl="img0/jkye.png" publishTime="04/28/2014 13:50:52" />
    <file relUrl="scripts/kindEditor/plugins/emoticons/55.gif" publishTime="02/18/2014 10:30:49" />
    <file relUrl="img/game-icon5.jpg" publishTime="02/15/2014 16:15:33" />
    <file relUrl="scripts/kindEditor/plugins/emoticons/69.gif" publishTime="02/18/2014 10:30:49" />
    <file relUrl="js/MSClass.js" publishTime="11/09/2013 15:35:11" />
    <file relUrl="scripts/kindEditor/plugins/emoticons/40.gif" publishTime="02/18/2014 10:30:49" />
    <file relUrl="js/lhgdialog/_skins/areo_blue/d_btn.gif" publishTime="11/09/2013 15:35:11" />
    <file relUrl="js/lhgdialog/_skins/extjs/d_bg.gif" publishTime="11/09/2013 15:35:11" />
    <file relUrl="scripts/kindEditor/plugins/emoticons/118.gif" publishTime="02/18/2014 10:30:49" />
    <file relUrl="scripts/jquery.metadata.js" publishTime="02/18/2014 10:30:49" />
    <file relUrl="js/lhgdialog/_skins/areo_blue/right.png" publishTime="11/09/2013 15:35:11" />
    <file relUrl="WS/WSNativeWeb.asmx" publishTime="11/09/2013 15:35:11" />
    <file relUrl="js/My97DatePicker/calendar.js" publishTime="11/09/2013 15:35:11" />
    <file relUrl="WS/WSTreasure.asmx" publishTime="11/09/2013 15:35:11" />
    <file relUrl="scripts/lhgdialog/images/rightBottom.png" publishTime="02/18/2014 10:30:49" />
    <file relUrl="scripts/lhgdialog/images/top.png" publishTime="02/18/2014 10:30:49" />
    <file relUrl="scripts/kindEditor/plugins/emoticons/27.gif" publishTime="02/18/2014 10:30:49" />
    <file relUrl="scripts/kindEditor/plugins/emoticons/82.gif" publishTime="02/18/2014 10:30:49" />
    <file relUrl="img0/gamea4.png" publishTime="04/28/2014 13:50:52" />
    <file relUrl="img0/zryx.png" publishTime="04/28/2014 13:50:52" />
    <file relUrl="img0/3.png" publishTime="04/29/2014 10:24:49" />
    <file relUrl="js/lhgdialog/_skins/skyblue2/dialog_mrt.png" publishTime="11/09/2013 15:35:11" />
    <file relUrl="scripts/lhgdialog/_skins/areo_gray/right.png" publishTime="02/18/2014 10:30:50" />
    <file relUrl="bin/Game.IData.dll" publishTime="05/12/2014 10:53:01" />
    <file relUrl="img/3 (2).png" publishTime="02/10/2014 17:09:17" />
    <file relUrl="Member/SourceGoldIn.aspx" publishTime="05/14/2014 17:49:05" />
    <file relUrl="scripts/lhgdialog/lhgcore.min.js" publishTime="02/18/2014 10:30:49" />
    <file relUrl="bin/Game.Web.XML" publishTime="05/15/2014 16:54:34" />
    <file relUrl="scripts/kindEditor/plugins/emoticons/11.gif" publishTime="02/18/2014 10:30:49" />
    <file relUrl="img/111122-1.png" publishTime="02/12/2014 13:29:32" />
    <file relUrl="css/newsList.css" publishTime="04/30/2014 16:40:01" />
    <file relUrl="css/jinqianguiliebiao.css" publishTime="04/28/2014 18:07:48" />
    <file relUrl="img0/charge_bg.png" publishTime="05/10/2014 17:19:14" />
    <file relUrl="img/icon3.png" publishTime="02/12/2014 13:29:32" />
    <file relUrl="img/left icon4.png" publishTime="02/12/2014 13:29:32" />
    <file relUrl="bin/Game.IData.pdb" publishTime="05/12/2014 10:53:01" />
    <file relUrl="scripts/lhgdialog/_skins/areo_gray/leftTop.png" publishTime="02/18/2014 10:30:50" />
    <file relUrl="Manual/Manual.htm" publishTime="05/15/2014 16:54:31" />
    <file relUrl="img0/game2.png" publishTime="04/28/2014 13:50:52" />
    <file relUrl="img/tikuanbanerbackgroud.png" publishTime="02/12/2014 13:29:32" />
    <file relUrl="bin/Game.Facade.xml" publishTime="05/12/2014 10:53:01" />
    <file relUrl="img0/r01.png" publishTime="05/12/2014 17:09:56" />
    <file relUrl="css/Untitled-moban.css" publishTime="02/17/2014 15:36:39" />
    <file relUrl="img/138381807983.swf" publishTime="02/12/2014 13:29:32" />
    <file relUrl="ValidateImage.aspx" publishTime="11/09/2013 15:35:12" />
    <file relUrl="bin/Game.Entity.dll" publishTime="05/12/2014 10:53:01" />
    <file relUrl="scripts/kindEditor/plugins/emoticons/58.gif" publishTime="02/18/2014 10:30:49" />
    <file relUrl="img/icon4w.gif" publishTime="02/15/2014 17:09:39" />
    <file relUrl="scripts/kindEditor/plugins/image/image.html" publishTime="02/18/2014 10:30:49" />
    <file relUrl="images/btn_calendar.gif" publishTime="02/19/2014 15:21:31" />
    <file relUrl="Member/paypage.aspx" publishTime="02/15/2014 14:02:06" />
    <file relUrl="img/suoha_icon.png" publishTime="02/12/2014 13:29:32" />
    <file relUrl="scripts/Check.js" publishTime="02/18/2014 10:30:49" />
    <file relUrl="js/My97DatePicker/skin/client/datepicker.css" publishTime="11/09/2013 15:35:11" />
    <file relUrl="img/html-oneback.png" publishTime="02/12/2014 14:08:39" />
    <file relUrl="scripts/lhgdialog/images/left.png" publishTime="02/18/2014 10:30:49" />
    <file relUrl="js/lhgdialog/_skins/default/d_x.gif" publishTime="11/09/2013 15:35:11" />
    <file relUrl="UI/UEditor/themes/default/images/fileScan.png" publishTime="02/19/2014 09:11:30" />
    <file relUrl="img0/xjye.png" publishTime="04/29/2014 12:34:58" />
    <file relUrl="js/lhgdialog/_skins/areo_blue/bottom.png" publishTime="11/09/2013 15:35:11" />
    <file relUrl="img0/gswz.png" publishTime="04/28/2014 13:50:52" />
    <file relUrl="img0/kfy.png" publishTime="05/05/2014 13:48:53" />
    <file relUrl="img0/title_youhuihuod.png" publishTime="04/28/2014 13:50:52" />
    <file relUrl="scripts/kindEditor/plugins/emoticons/95.gif" publishTime="02/18/2014 10:30:49" />
    <file relUrl="img/footertopd.jpg" publishTime="02/12/2014 13:29:32" />
    <file relUrl="img0/yhhd000.png" publishTime="05/05/2014 13:48:53" />
    <file relUrl="scripts/kindEditor/plugins/emoticons/81.gif" publishTime="02/18/2014 10:30:49" />
    <file relUrl="UI/UEditor/dialogs/internal.js" publishTime="02/19/2014 09:11:30" />
    <file relUrl="scripts/lhgdialog/_skins/areo_gray/bottom.png" publishTime="02/18/2014 10:30:49" />
    <file relUrl="scripts/kindEditor/plugins/emoticons/70.gif" publishTime="02/18/2014 10:30:49" />
    <file relUrl="scripts/kindEditor/plugins/emoticons/90.gif" publishTime="02/18/2014 10:30:49" />
    <file relUrl="img/Issue.png" publishTime="02/10/2014 17:09:17" />
    <file relUrl="img/gerenxinxizhongxi-icon.png" publishTime="02/12/2014 13:29:32" />
    <file relUrl="scripts/kindEditor/plugins/emoticons/66.gif" publishTime="02/18/2014 10:30:49" />
    <file relUrl="Member/ModifyUserInfo.aspx" publishTime="05/14/2014 17:48:52" />
    <file relUrl="css/ziye.css" publishTime="02/10/2014 10:03:39" />
    <file relUrl="scripts/lhgdialog/_skins/areo_blue/leftBottom.png" publishTime="02/18/2014 10:30:49" />
    <file relUrl="img0/qykuan.png" publishTime="04/28/2014 13:50:52" />
    <file relUrl="img/back.jpg" publishTime="02/12/2014 13:29:32" />
    <file relUrl="js/My97DatePicker/skin/ext/right-btn.gif" publishTime="11/09/2013 15:35:11" />
    <file relUrl="img/backgroud.png" publishTime="02/10/2014 17:09:17" />
    <file relUrl="img0/dabeijing.png" publishTime="04/28/2014 13:50:52" />
    <file relUrl="img0/chongzhi.png" publishTime="04/28/2014 13:50:52" />
    <file relUrl="ads/Images/platformTop.bmp" publishTime="11/09/2013 15:35:15" />
    <file relUrl="Member/InsurePass.aspx" publishTime="05/07/2014 16:38:18" />
    <file relUrl="scripts/kindEditor/plugins/emoticons/59.gif" publishTime="02/18/2014 10:30:49" />
    <file relUrl="js/My97DatePicker/lang/en.js" publishTime="11/09/2013 15:35:11" />
    <file relUrl="img0/4.png" publishTime="04/29/2014 10:24:49" />
    <file relUrl="scripts/kindEditor/plugins/emoticons/9.gif" publishTime="02/18/2014 10:30:49" />
    <file relUrl="img0/xgmi.png" publishTime="04/28/2014 13:50:52" />
    <file relUrl="Member/ModifyLogonPass.aspx" publishTime="05/14/2014 17:49:17" />
    <file relUrl="img0/game5.png" publishTime="04/28/2014 13:50:52" />
    <file relUrl="bin/UEditorControl.dll" publishTime="05/12/2014 10:53:01" />
    <file relUrl="js/lhgdialog/_skins/skyblue2/dialog_rb.png" publishTime="11/09/2013 15:35:11" />
    <file relUrl="img0/dlhz.png" publishTime="05/05/2014 13:48:53" />
    <file relUrl="img/oneback.jpg" publishTime="02/12/2014 13:29:32" />
    <file relUrl="img/jinkuqietu.jpg" publishTime="02/12/2014 13:29:32" />
    <file relUrl="scripts/kindEditor/plugins/emoticons/22.gif" publishTime="02/18/2014 10:30:49" />
    <file relUrl="newpage/MyPraze.aspx" publishTime="02/17/2014 15:27:16" />
    <file relUrl="img/left icon3 (2).png" publishTime="02/10/2014 17:09:17" />
    <file relUrl="scripts/My97DatePicker/skin/WdatePicker.css" publishTime="02/18/2014 10:30:50" />
    <file relUrl="img0/beij.png" publishTime="04/28/2014 13:50:52" />
    <file relUrl="UI/UEditor/third-party/SyntaxHighlighter/shCoreDefault.css" publishTime="02/19/2014 09:11:30" />
    <file relUrl="scripts/kindEditor/plugins/image/images/align_right.gif" publishTime="02/18/2014 10:30:49" />
    <file relUrl="js/My97DatePicker/skin/client/bg.jpg" publishTime="11/09/2013 15:35:11" />
    <file relUrl="scripts/kindEditor/plugins/emoticons/109.gif" publishTime="02/18/2014 10:30:49" />
    <file relUrl="scripts/lhgdialog/_skins/skyblue/d_btn.gif" publishTime="02/18/2014 10:30:50" />
    <file relUrl="UI/UEditor/themes/default/images/dialog-title-bg.png" publishTime="02/19/2014 09:11:30" />
    <file relUrl="img0/kfz.png" publishTime="05/13/2014 17:31:16" />
    <file relUrl="scripts/kindEditor/plugins/emoticons/28.gif" publishTime="02/18/2014 10:30:49" />
    <file relUrl="img/icon2w.gif" publishTime="02/15/2014 17:07:55" />
    <file relUrl="scripts/lhgdialog/images/leftTop.png" publishTime="02/18/2014 10:30:49" />
    <file relUrl="UI/UEditor/dialogs/link/link.html" publishTime="02/19/2014 09:11:30" />
    <file relUrl="js/My97DatePicker/lang/zh-cn.js" publishTime="11/09/2013 15:35:11" />
    <file relUrl="bin/Newtonsoft.Json.dll" publishTime="11/09/2013 15:35:09" />
    <file relUrl="ads/Images/LogonLogo.bmp" publishTime="11/09/2013 15:35:15" />
    <file relUrl="scripts/kindEditor/plugins/emoticons/132.gif" publishTime="02/18/2014 10:30:49" />
    <file relUrl="js/My97DatePicker/skin/default/datepicker.css" publishTime="11/09/2013 15:35:11" />
    <file relUrl="scripts/kindEditor/plugins/emoticons/18.gif" publishTime="02/18/2014 10:30:49" />
    <file relUrl="img0/xgmm.png" publishTime="04/28/2014 13:50:52" />
    <file relUrl="css/tikuan.css" publishTime="02/18/2014 09:27:18" />
    <file relUrl="img0/1.png" publishTime="04/29/2014 10:24:49" />
    <file relUrl="img/CCBbtn.png" publishTime="02/12/2014 13:29:32" />
    <file relUrl="img/jinguibeijing-2.png" publishTime="02/12/2014 13:29:32" />
    <file relUrl="images/arrBig.gif" publishTime="02/19/2014 15:21:31" />
    <file relUrl="scripts/lhgdialog/_skins/areo_blue/rightTop.png" publishTime="02/18/2014 10:30:49" />
    <file relUrl="images/btn_update.gif" publishTime="02/19/2014 15:21:31" />
    <file relUrl="scripts/lhgdialog/_skins/default/lhgdialog.css" publishTime="02/18/2014 10:30:50" />
    <file relUrl="UI/UEditor/themes/default/images/neweditor-tab-bg.png" publishTime="02/19/2014 09:11:30" />
    <file relUrl="scripts/kindEditor/plugins/emoticons/127.gif" publishTime="02/18/2014 10:30:49" />
    <file relUrl="img0/gb.png" publishTime="05/05/2014 13:48:53" />
    <file relUrl="UI/UEditor/themes/default/images/logo.png" publishTime="02/19/2014 09:11:30" />
    <file relUrl="img/left icon2.png" publishTime="02/12/2014 13:29:32" />
    <file relUrl="img/modifypasswd.png" publishTime="02/12/2014 13:29:32" />
    <file relUrl="News/NewsList.aspx" publishTime="05/08/2014 10:02:06" />
    <file relUrl="scripts/My97DatePicker/skin/default/img.gif" publishTime="02/18/2014 10:30:50" />
    <file relUrl="img0/hjh.png" publishTime="04/29/2014 12:57:14" />
    <file relUrl="Themes/Standard/Common_Footer.ascx" publishTime="05/07/2014 15:12:10" />
    <file relUrl="scripts/lhgdialog/_skins/areo_gray/rightBottom.png" publishTime="02/18/2014 10:30:50" />
    <file relUrl="img/chongzhi-congzhi2.jpg" publishTime="02/12/2014 13:29:32" />
    <file relUrl="img0/xlwb.png" publishTime="05/05/2014 11:41:38" />
    <file relUrl="styles/layout.css" publishTime="02/18/2014 10:30:50" />
    <file relUrl="js/My97DatePicker/skin/ext/left-btn2.gif" publishTime="11/09/2013 15:35:11" />
    <file relUrl="scripts/My97DatePicker/skin/whyGreen/img.gif" publishTime="02/18/2014 10:30:50" />
    <file relUrl="UI/UEditor/dialogs/video/video.css" publishTime="02/19/2014 09:11:30" />
    <file relUrl="UI/UEditor/editor_all.js" publishTime="02/19/2014 09:11:30" />
    <file relUrl="img/ICBCbtn.png" publishTime="02/12/2014 13:29:32" />
    <file relUrl="UI/UEditor/themes/default/images/none_focus.jpg" publishTime="02/19/2014 09:11:30" />
    <file relUrl="scripts/kindEditor/skins/common/media.gif" publishTime="02/18/2014 10:30:49" />
    <file relUrl="css/log.css" publishTime="02/17/2014 09:30:46" />
    <file relUrl="scripts/lhgdialog/_skins/areo_blue/xbtn.png" publishTime="02/18/2014 10:30:49" />
    <file relUrl="img/BOCbtn.png" publishTime="02/12/2014 13:29:32" />
    <file relUrl="AfterRegister.aspx" publishTime="05/14/2014 17:48:59" />
    <file relUrl="images/hint.gif" publishTime="02/19/2014 15:21:31" />
    <file relUrl="img0/11.png" publishTime="04/28/2014 13:50:52" />
    <file relUrl="News/IntroduceDetail.aspx" publishTime="05/14/2014 17:49:21" />
    <file relUrl="Member/InsureIn.aspx" publishTime="05/08/2014 10:40:15" />
    <file relUrl="flash/swf.swf" publishTime="04/28/2014 14:13:22" />
    <file relUrl="scripts/lhgdialog/images/d_bg.gif" publishTime="02/18/2014 10:30:49" />
    <file relUrl="scripts/lhgdialog/_skins/areo_blue/bottom.png" publishTime="02/18/2014 10:30:49" />
    <file relUrl="img/gundongcontain.jpg" publishTime="02/12/2014 13:29:32" />
    <file relUrl="scripts/kindEditor/plugins/file_manager/images/go-up.gif" publishTime="02/18/2014 10:30:49" />
    <file relUrl="newpage/HtmlPage.html" publishTime="01/23/2014 12:30:22" />
    <file relUrl="img0/zxkf.png" publishTime="05/05/2014 13:48:53" />
    <file relUrl="scripts/My97DatePicker/skin/ext/hd-sprite.gif" publishTime="02/18/2014 10:30:50" />
    <file relUrl="css/xiugaigerenziliao.css" publishTime="01/28/2014 17:07:19" />
    <file relUrl="images/login04.png" publishTime="02/19/2014 15:21:31" />
    <file relUrl="img/game-bannner.png" publishTime="02/12/2014 13:29:32" />
    <file relUrl="scripts/My97DatePicker/skin/ext/right-btn.gif" publishTime="02/18/2014 10:30:50" />
    <file relUrl="img0/23.png" publishTime="04/29/2014 12:35:27" />
    <file relUrl="img/denglu.png" publishTime="02/12/2014 13:29:32" />
    <file relUrl="scripts/kindEditor/plugins/emoticons/1.gif" publishTime="02/18/2014 10:30:49" />
    <file relUrl="scripts/kindEditor/plugins/emoticons/116.gif" publishTime="02/18/2014 10:30:49" />
    <file relUrl="ads/Images/platformTop.swf" publishTime="11/09/2013 15:35:15" />
    <file relUrl="scripts/kindEditor/plugins/emoticons/44.gif" publishTime="02/18/2014 10:30:49" />
    <file relUrl="scripts/My97DatePicker/skin/ext/left-btn.gif" publishTime="02/18/2014 10:30:50" />
    <file relUrl="img/baduki_icon.png" publishTime="02/12/2014 13:29:32" />
    <file relUrl="scripts/lhgdialog/_skins/skyblue2/dialog_cb.png" publishTime="02/18/2014 10:30:50" />
    <file relUrl="img0/提款助手.png" publishTime="04/28/2014 13:50:52" />
    <file relUrl="UI/UEditor/themes/default/iframe.css" publishTime="02/19/2014 09:11:30" />
    <file relUrl="js/lhgdialog/_skins/skyblue/d_x.gif" publishTime="11/09/2013 15:35:11" />
    <file relUrl="images/btn_delete.gif" publishTime="02/19/2014 15:21:31" />
    <file relUrl="img/xiugai-icon.png" publishTime="02/12/2014 13:29:32" />
    <file relUrl="img/ie6backgroud02.jpg" publishTime="02/15/2014 11:37:29" />
    <file relUrl="js/lhgdialog/_skins/extjs/lhgdialog.css" publishTime="11/09/2013 15:35:11" />
    <file relUrl="css/jinguiqueren.css" publishTime="02/12/2014 09:36:34" />
    <file relUrl="js/lhgdialog/_skins/areo_gray/rightTop.png" publishTime="11/09/2013 15:35:11" />
    <file relUrl="img0/2.png" publishTime="04/29/2014 10:24:49" />
    <file relUrl="Web.config" publishTime="05/15/2014 16:32:29" />
    <file relUrl="scripts/kindEditor/plugins/emoticons/41.gif" publishTime="02/18/2014 10:30:49" />
    <file relUrl="scripts/kindEditor/plugins/emoticons/73.gif" publishTime="02/18/2014 10:30:49" />
    <file relUrl="img0/jksdjksd.png" publishTime="05/14/2014 17:00:04" />
    <file relUrl="UI/UEditor/editor_config.js" publishTime="02/19/2014 09:11:30" />
    <file relUrl="WS/WSAccount.asmx" publishTime="11/09/2013 15:35:11" />
    <file relUrl="UI/UEditor/third-party/codemirror2.15/codemirror.css" publishTime="02/19/2014 09:11:30" />
    <file relUrl="scripts/kindEditor/plugins/emoticons/67.gif" publishTime="02/18/2014 10:30:49" />
    <file relUrl="scripts/lhgdialog/_skins/skyblue2/dialog_rt.png" publishTime="02/18/2014 10:30:50" />
    <file relUrl="js/lhgdialog/_skins/skyblue2/dialog_lt.png" publishTime="11/09/2013 15:35:11" />
    <file relUrl="js/lhgdialog/_skins/skyblue2/dialog_ct.png" publishTime="11/09/2013 15:35:11" />
    <file relUrl="img/left icon4 (2).png" publishTime="02/12/2014 13:29:32" />
    <file relUrl="img0/yonghuming.png" publishTime="04/29/2014 12:34:57" />
    <file relUrl="UI/UEditor/third-party/swfupload/swfupload.js" publishTime="02/19/2014 09:11:30" />
    <file relUrl="js/DD_belatedPNG.js" publishTime="02/15/2014 14:12:38" />
    <file relUrl="img/22 (2).jpg" publishTime="02/12/2014 13:29:32" />
    <file relUrl="scripts/kindEditor/plugins/emoticons/125.gif" publishTime="02/18/2014 10:30:49" />
    <file relUrl="img/bank-nongye.jpg" publishTime="02/12/2014 13:29:32" />
    <file relUrl="img/BOCbackground.jpg" publishTime="02/12/2014 13:29:32" />
    <file relUrl="img/icon1w.gif" publishTime="02/15/2014 17:05:03" />
    <file relUrl="js/lhgdialog/_skins/areo_gray/xbtn.png" publishTime="11/09/2013 15:35:11" />
    <file relUrl="img0/yxxz001.png" publishTime="05/13/2014 09:56:15" />
    <file relUrl="js/My97DatePicker/skin/ext/left-btn.gif" publishTime="11/09/2013 15:35:11" />
    <file relUrl="js/swfobject_modified.js" publishTime="04/28/2014 15:08:50" />
    <file relUrl="img/icon2.png" publishTime="02/12/2014 13:29:32" />
    <file relUrl="Themes/Standard/Common_Question.ascx" publishTime="11/09/2013 15:35:12" />
    <file relUrl="js/lhgdialog/_skins/skyblue2/dialog_mlt.png" publishTime="11/09/2013 15:35:11" />
    <file relUrl="img0/title_register.png" publishTime="04/28/2014 13:50:52" />
    <file relUrl="scripts/kindEditor/plugins/emoticons/37.gif" publishTime="02/18/2014 10:30:49" />
    <file relUrl="js/lhgdialog/images/rightBottom.png" publishTime="11/09/2013 15:35:11" />
    <file relUrl="js/jquery-1.5.2.min.js" publishTime="11/09/2013 15:35:11" />
    <file relUrl="js/11/jquery-1.7.2.min.js" publishTime="01/18/2014 12:36:50" />
    <file relUrl="img0/122.png" publishTime="04/28/2014 13:50:52" />
    <file relUrl="images/loginBg.jpg" publishTime="02/19/2014 15:21:31" />
    <file relUrl="img0/submit_change.png" publishTime="04/28/2014 13:50:52" />
    <file relUrl="scripts/kindEditor/plugins/emoticons/23.gif" publishTime="02/18/2014 10:30:49" />
    <file relUrl="js/lhgdialog/images/left.png" publishTime="11/09/2013 15:35:11" />
    <file relUrl="scripts/kindEditor/asp/upload_5xsoft.inc" publishTime="02/18/2014 10:30:49" />
    <file relUrl="scripts/My97DatePicker/skin/ext/glass-bg.gif" publishTime="02/18/2014 10:30:50" />
    <file relUrl="js/utils.js" publishTime="11/09/2013 15:35:11" />
    <file relUrl="img/24hour.png" publishTime="02/18/2014 10:13:02" />
    <file relUrl="UI/UEditor/themes/default/images/spacer.gif" publishTime="02/19/2014 09:11:30" />
    <file relUrl="GoToPage.aspx" publishTime="01/16/2014 13:00:02" />
    <file relUrl="scripts/kindEditor/plugins/emoticons/29.gif" publishTime="02/18/2014 10:30:49" />
    <file relUrl="scripts/lhgdialog/_skins/areo_gray/xbtn.png" publishTime="02/18/2014 10:30:50" />
    <file relUrl="Service/AboutUs.aspx" publishTime="05/07/2014 16:56:47" />
    <file relUrl="Index.aspx" publishTime="05/12/2014 17:22:32" />
    <file relUrl="js/jquery-1.4.1.js" publishTime="01/14/2014 14:46:35" />
    <file relUrl="scripts/kindEditor/plugins/link/link.html" publishTime="02/18/2014 10:30:49" />
    <file relUrl="img/gundongcontain.png" publishTime="02/12/2014 13:29:32" />
    <file relUrl="ads/ClosePlaza.aspx" publishTime="11/09/2013 15:35:15" />
    <file relUrl="img0/88.png" publishTime="04/28/2014 13:50:52" />
    <file relUrl="UI/UEditor/third-party/swfupload/swfupload.cookies.js" publishTime="02/19/2014 09:11:30" />
    <file relUrl="js/swfobject.js" publishTime="04/28/2014 14:04:36" />
    <file relUrl="scripts/lhgdialog/_skins/areo_blue/right.png" publishTime="02/18/2014 10:30:49" />
    <file relUrl="img0/beijing.png" publishTime="05/04/2014 15:08:58" />
    <file relUrl="img/jsQQ.png" publishTime="02/10/2014 17:09:17" />
    <file relUrl="js/lhgdialog/_skins/skyblue2/lhgdialog.css" publishTime="11/09/2013 15:35:11" />
    <file relUrl="img/backgourd-12.png" publishTime="02/12/2014 13:29:32" />
    <file relUrl="bin/Game.Facade.pdb" publishTime="05/12/2014 10:53:01" />
    <file relUrl="js/MSClass_min.js" publishTime="01/10/2014 15:41:53" />
    <file relUrl="scripts/lhgdialog/images/bottom.png" publishTime="02/18/2014 10:30:49" />
    <file relUrl="Upload/20140218044443144.png" publishTime="02/19/2014 09:11:30" />
    <file relUrl="scripts/kindEditor/asp/JSON_2.0.4.asp" publishTime="02/18/2014 10:30:49" />
    <file relUrl="img0/tikuan.png" publishTime="04/28/2014 13:50:52" />
    <file relUrl="scripts/kindEditor/plugins/advtable/cell.html" publishTime="02/18/2014 10:30:49" />
    <file relUrl="ads/Images/GameFrame.swf" publishTime="11/09/2013 15:35:15" />
    <file relUrl="img0/yxxz000.png" publishTime="05/13/2014 09:56:11" />
    <file relUrl="img/jsQQ2.png" publishTime="02/10/2014 17:09:17" />
    <file relUrl="js/My97DatePicker/skin/WdatePicker.css" publishTime="11/09/2013 15:35:11" />
    <file relUrl="scripts/kindEditor/plugins/emoticons/126.gif" publishTime="02/18/2014 10:30:49" />
    <file relUrl="Register.aspx" publishTime="05/14/2014 17:49:27" />
    <file relUrl="img/jingui-icon35.png" publishTime="02/12/2014 13:29:32" />
    <file relUrl="img/icon4.png" publishTime="02/12/2014 13:29:32" />
    <file relUrl="scripts/kindEditor/plugins/emoticons/7.gif" publishTime="02/18/2014 10:30:49" />
    <file relUrl="js/lhgdialog/_skins/extjs/d_btn.gif" publishTime="11/09/2013 15:35:11" />
    <file relUrl="img/zhajinhua_icon.png" publishTime="02/12/2014 13:29:32" />
    <file relUrl="scripts/kindEditor/plugins/emoticons/115.gif" publishTime="02/18/2014 10:30:49" />
    <file relUrl="js/lhgdialog/_skins/areo_gray/bottom.png" publishTime="11/09/2013 15:35:11" />
    <file relUrl="scripts/My97DatePicker/My97DatePicker.htm" publishTime="02/18/2014 10:30:50" />
    <file relUrl="js/My97DatePicker/skin/ext/datepicker.css" publishTime="11/09/2013 15:35:11" />
    <file relUrl="Member/SourceGoldOutcome.aspx" publishTime="05/14/2014 17:47:53" />
    <file relUrl="scripts/My97DatePicker/lang/zh-cn.js" publishTime="02/18/2014 10:30:50" />
    <file relUrl="scripts/kindEditor/plugins/emoticons/91.gif" publishTime="02/18/2014 10:30:49" />
    <file relUrl="img0/dlhz02.png" publishTime="05/05/2014 13:48:53" />
    <file relUrl="img0/5.png" publishTime="04/29/2014 10:24:49" />
    <file relUrl="img0/submit_register.png" publishTime="04/28/2014 13:50:52" />
    <file relUrl="img0/chakan.png" publishTime="04/28/2014 13:50:52" />
    <file relUrl="scripts/kindEditor/plugins/emoticons/133.gif" publishTime="02/18/2014 10:30:49" />
    <file relUrl="scripts/kindEditor/plugins/emoticons/107.gif" publishTime="02/18/2014 10:30:49" />
    <file relUrl="UI/UEditor/themes/default/images/menu/sparator_v.png" publishTime="02/19/2014 09:11:30" />
    <file relUrl="scripts/lhgdialog/_skins/skyblue/d_x.gif" publishTime="02/18/2014 10:30:50" />
    <file relUrl="img0/85.png" publishTime="04/28/2014 13:50:52" />
    <file relUrl="js/lhgdialog/_skins/areo_gray/top.png" publishTime="11/09/2013 15:35:11" />
    <file relUrl="js/lhgdialog/_skins/areo_blue/top.png" publishTime="11/09/2013 15:35:11" />
    <file relUrl="img/icon1.png" publishTime="02/12/2014 13:29:32" />
    <file relUrl="img/jinguiee-baceee3.png" publishTime="02/12/2014 13:29:32" />
    <file relUrl="UI/UEditor/server/submit/net/getMovie.ashx" publishTime="02/19/2014 09:11:30" />
    <file relUrl="img0/sanjiao.png" publishTime="05/04/2014 16:17:31" />
    <file relUrl="UI/UEditor/dialogs/image/image.css" publishTime="02/19/2014 09:11:30" />
    <file relUrl="scripts/lhgdialog/images/xbtn.png" publishTime="02/18/2014 10:30:49" />
    <file relUrl="js/lhgdialog/_skins/skyblue2/dialog_cb.png" publishTime="11/09/2013 15:35:11" />
    <file relUrl="img/咨询留言 (2).jpg" publishTime="02/10/2014 17:09:18" />
    <file relUrl="img/icon6w.gif" publishTime="02/15/2014 17:09:39" />
    <file relUrl="scripts/kindEditor/plugins/emoticons/35.gif" publishTime="02/18/2014 10:30:49" />
    <file relUrl="bin/Game.Web.dll" publishTime="05/15/2014 16:54:34" />
    <file relUrl="img0/4545.png" publishTime="05/05/2014 15:12:50" />
    <file relUrl="js/lhgdialog/lhgdialog.js" publishTime="11/09/2013 15:35:11" />
    <file relUrl="img/banner.png" publishTime="02/12/2014 13:29:32" />
    <file relUrl="scripts/kindEditor/plugins/emoticons/30.gif" publishTime="02/18/2014 10:30:49" />
    <file relUrl="Manual/Manual2.htm" publishTime="05/15/2014 16:54:23" />
    <file relUrl="bin/Game.Web.pdb" publishTime="05/15/2014 16:54:34" />
    <file relUrl="js/flash.js" publishTime="11/09/2013 15:35:11" />
    <file relUrl="img0/dingbutup.png" publishTime="04/28/2014 13:50:52" />
    <file relUrl="js/lhgdialog/images/xbtn.png" publishTime="11/09/2013 15:35:11" />
    <file relUrl="img0/656.png" publishTime="04/28/2014 13:50:52" />
    <file relUrl="scripts/lhgdialog/_skins/extjs/d_btn.gif" publishTime="02/18/2014 10:30:50" />
    <file relUrl="js/lhgdialog/lhgcore.min.js" publishTime="11/09/2013 15:35:11" />
    <file relUrl="scripts/jquery.validate.js" publishTime="02/18/2014 10:30:49" />
    <file relUrl="img0/hjhkjulkjkl.png" publishTime="04/30/2014 14:33:39" />
    <file relUrl="img/jingui-icon35.gif" publishTime="02/12/2014 13:29:32" />
    <file relUrl="img/ASOCbtn.png" publishTime="02/10/2014 17:09:17" />
    <file relUrl="img0/tuisjdkjsds.png" publishTime="05/06/2014 11:20:31" />
    <file relUrl="js/lhgdialog/_skins/skyblue/d_bg.gif" publishTime="11/09/2013 15:35:11" />
    <file relUrl="scripts/kindEditor/plugins/emoticons/19.gif" publishTime="02/18/2014 10:30:49" />
    <file relUrl="UI/UEditor/third-party/swfupload/swfupload.swf" publishTime="02/19/2014 09:11:30" />
    <file relUrl="js/My97DatePicker/skin/ext/img.gif" publishTime="11/09/2013 15:35:11" />
    <file relUrl="img0/2658764.png" publishTime="05/06/2014 16:47:36" />
    <file relUrl="img/gundongcontain (2).png" publishTime="02/12/2014 13:29:32" />
    <file relUrl="scripts/lhgdialog/_skins/areo_blue/left.png" publishTime="02/18/2014 10:30:49" />
    <file relUrl="scripts/lhgdialog/_skins/skyblue2/dialog_ct.png" publishTime="02/18/2014 10:30:50" />
    <file relUrl="css/chongzhi-1.css" publishTime="02/12/2014 09:57:11" />
    <file relUrl="scripts/kindEditor/plugins/file_manager/images/folder-64.gif" publishTime="02/18/2014 10:30:49" />
    <file relUrl="scripts/My97DatePicker/skin/ext/right-btn2.gif" publishTime="02/18/2014 10:30:50" />
    <file relUrl="img/xiuggaigeren-icon.png" publishTime="02/12/2014 13:29:32" />
    <file relUrl="scripts/kindEditor/plugins/emoticons/6.gif" publishTime="02/18/2014 10:30:49" />
    <file relUrl="js/lhgdialog/_skins/skyblue/lhgdialog.css" publishTime="11/09/2013 15:35:11" />
    <file relUrl="js/lhgdialog/_skins/skyblue2/dialog_rt.png" publishTime="11/09/2013 15:35:11" />
    <file relUrl="UI/UEditor/third-party/swfupload/swfupload.queue.js" publishTime="02/19/2014 09:11:30" />
    <file relUrl="img/icon3w.gif" publishTime="02/15/2014 17:09:39" />
    <file relUrl="img/tikuanbanerbackgroud (2).png" publishTime="02/12/2014 13:29:32" />
    <file relUrl="scripts/kindEditor/plugins/emoticons/124.gif" publishTime="02/18/2014 10:30:49" />
    <file relUrl="UI/UEditor/themes/default/images/icons.png" publishTime="02/19/2014 09:11:30" />
    <file relUrl="img0/dsfsf.png" publishTime="05/05/2014 13:51:49" />
    <file relUrl="scripts/kindEditor/plugins/emoticons/113.gif" publishTime="02/18/2014 10:30:49" />
    <file relUrl="UI/UEditor/third-party/swfupload/swfupload.speed.js" publishTime="02/19/2014 09:11:30" />
    <file relUrl="scripts/lhgdialog/_skins/skyblue2/btn.png" publishTime="02/18/2014 10:30:50" />
    <file relUrl="scripts/kindEditor/plugins/emoticons/117.gif" publishTime="02/18/2014 10:30:49" />
    <file relUrl="bin/Game.Entity.pdb" publishTime="05/12/2014 10:53:01" />
    <file relUrl="scripts/lhgdialog/_skins/areo_blue/d_btn.gif" publishTime="02/18/2014 10:30:49" />
    <file relUrl="scripts/kindEditor/plugins/emoticons/123.gif" publishTime="02/18/2014 10:30:49" />
    <file relUrl="bin/Game.Data.pdb" publishTime="05/12/2014 10:53:01" />
    <file relUrl="img0/6.png" publishTime="04/29/2014 10:24:49" />
    <file relUrl="scripts/kindEditor/plugins/emoticons/2.gif" publishTime="02/18/2014 10:30:49" />
    <file relUrl="js/lhgdialog/_skins/skyblue2/dialog_closebtn_over.png" publishTime="11/09/2013 15:35:11" />
    <file relUrl="img/flashbackgroud03.jpg" publishTime="02/15/2014 11:37:29" />
    <file relUrl="img0/heisdiwen.png" publishTime="04/28/2014 13:50:52" />
    <file relUrl="js/lhgdialog/_skins/skyblue2/btn.png" publishTime="11/09/2013 15:35:11" />
    <file relUrl="img0/changeInfo.png" publishTime="05/06/2014 11:20:38" />
    <file relUrl="scripts/kindEditor/skins/common/blank.gif" publishTime="02/18/2014 10:30:49" />
    <file relUrl="img/jingui-imge.jpg" publishTime="02/12/2014 13:29:32" />
    <file relUrl="UI/UEditor/dialogs/video/video.html" publishTime="02/19/2014 09:11:30" />
    <file relUrl="UI/UEditor/server/upload/net/imageUp.ashx" publishTime="02/19/2014 09:39:06" />
    <file relUrl="img/ASOCbackground.jpg" publishTime="02/12/2014 13:29:32" />
    <file relUrl="bin/UEditorControl.pdb" publishTime="05/12/2014 10:53:01" />
    <file relUrl="img/jingui-iconew2.png" publishTime="02/10/2014 17:09:17" />
    <file relUrl="scripts/lhgdialog/_skins/extjs/lhgdialog.css" publishTime="02/18/2014 10:30:50" />
    <file relUrl="scripts/My97DatePicker/skin/blueFresh/datepicker.css" publishTime="02/18/2014 10:30:50" />
    <file relUrl="js/Common.js" publishTime="11/09/2013 15:35:11" />
    <file relUrl="scripts/kindEditor/plugins/emoticons/78.gif" publishTime="02/18/2014 10:30:49" />
    <file relUrl="img0/dsfds.png" publishTime="05/07/2014 10:14:43" />
    <file relUrl="UI/UEditor/themes/default/images/lock.gif" publishTime="02/19/2014 09:11:30" />
    <file relUrl="img0/7.png" publishTime="04/29/2014 10:24:49" />
    <file relUrl="UI/UEditor/third-party/SyntaxHighlighter/shCore.js" publishTime="02/19/2014 09:11:30" />
    <file relUrl="img0/dzpk02.png" publishTime="04/28/2014 13:50:52" />
    <file relUrl="Themes/Standard/GameNav.ascx" publishTime="05/09/2014 11:20:38" />
    <file relUrl="flash/ck (1).swf" publishTime="05/12/2014 17:11:07" />
    <file relUrl="js/jquery-ui-1.8.20.min.js" publishTime="05/10/2014 11:06:36" />
    <file relUrl="img0/zisbeij.png" publishTime="04/28/2014 13:50:52" />
    <file relUrl="img0/sdawc.png" publishTime="04/29/2014 17:52:40" />
    <file relUrl="images/loginLogo.png" publishTime="02/19/2014 15:21:31" />
    <file relUrl="scripts/lhgdialog/lhgdialog.js" publishTime="02/18/2014 10:30:49" />
    <file relUrl="scripts/lhgdialog/_skins/extjs/d_x.gif" publishTime="02/18/2014 10:30:50" />
    <file relUrl="img0/khxy.png" publishTime="05/07/2014 17:54:24" />
    <file relUrl="UI/UEditor/themes/default/images/pagebreak.gif" publishTime="02/19/2014 09:11:30" />
    <file relUrl="scripts/kindEditor/plugins/emoticons/36.gif" publishTime="02/18/2014 10:30:49" />
    <file relUrl="img0/dngg.png" publishTime="05/05/2014 11:12:57" />
    <file relUrl="js/lhgdialog/_skins/areo_gray/lhgdialog.css" publishTime="11/09/2013 15:35:11" />
    <file relUrl="img/jinku-button.png" publishTime="02/12/2014 13:29:32" />
    <file relUrl="scripts/kindEditor/plugins/emoticons/qq.gif" publishTime="02/18/2014 10:30:49" />
    <file relUrl="js/My97DatePicker/skin/whyGreen/bg.jpg" publishTime="11/09/2013 15:35:11" />
    <file relUrl="ads/Images/GameRoom.swf" publishTime="11/09/2013 15:35:15" />
    <file relUrl="img/icon3w.png" publishTime="02/12/2014 13:29:32" />
    <file relUrl="img/icon4.gif" publishTime="02/15/2014 17:09:39" />
    <file relUrl="img0/yangshi.png" publishTime="04/28/2014 13:50:52" />
    <file relUrl="scripts/kindEditor/plugins/emoticons/112.gif" publishTime="02/18/2014 10:30:49" />
    <file relUrl="img/tikuan.png" publishTime="02/12/2014 13:29:32" />
    <file relUrl="images/logo.png" publishTime="02/19/2014 15:21:31" />
    <file relUrl="scripts/lhgdialog/_skins/areo_gray/lhgdialog.css" publishTime="02/18/2014 10:30:50" />
    <file relUrl="img/icon5w (1).png" publishTime="02/12/2014 13:29:32" />
    <file relUrl="ads/Images/game.swf" publishTime="11/09/2013 15:35:15" />
    <file relUrl="img/icon5w.gif" publishTime="02/15/2014 17:09:39" />
    <file relUrl="scripts/lhgdialog/_skins/extjs/d_bg.gif" publishTime="02/18/2014 10:30:50" />
    <file relUrl="bin/Game.Facade.dll" publishTime="05/12/2014 10:53:01" />
    <file relUrl="js/lhgdialog/_skins/areo_blue/rightTop.png" publishTime="11/09/2013 15:35:11" />
    <file relUrl="img0/MsgBox.png" publishTime="05/14/2014 16:27:29" />
    <file relUrl="img0/tu03.png" publishTime="04/28/2014 13:50:52" />
    <file relUrl="scripts/kindEditor/plugins/emoticons/77.gif" publishTime="02/18/2014 10:30:49" />
    <file relUrl="bin/Game.Utils.dll" publishTime="05/10/2014 10:48:02" />
    <file relUrl="css/xiugaimima.css" publishTime="01/20/2014 10:11:40" />
    <file relUrl="js/lhgdialog/images/leftTop.png" publishTime="11/09/2013 15:35:11" />
    <file relUrl="img/logolight.png" publishTime="02/12/2014 13:29:32" />
    <file relUrl="img/jinqiangui-icon1.png" publishTime="02/12/2014 13:29:32" />
    <file relUrl="img0/title_password.png" publishTime="04/28/2014 13:50:52" />
    <file relUrl="img/jsQQlop.png" publishTime="02/12/2014 13:29:32" />
    <file relUrl="scripts/kindEditor/plugins/plainpaste.html" publishTime="02/18/2014 10:30:49" />
    <file relUrl="css/new.css" publishTime="01/28/2014 16:43:16" />
    <file relUrl="img0/zryx (2).png" publishTime="04/30/2014 11:19:19" />
    <file relUrl="News/NewsView.aspx" publishTime="05/15/2014 15:57:41" />
    <file relUrl="images/login02.png" publishTime="02/19/2014 15:21:31" />
    <file relUrl="scripts/kindEditor/asp/file_manager_json.asp" publishTime="02/18/2014 10:30:49" />
    <file relUrl="scripts/kindEditor/plugins/emoticons/121.gif" publishTime="02/18/2014 10:30:49" />
    <file relUrl="Member/SoreadList.aspx" publishTime="05/14/2014 17:48:45" />
    <file relUrl="images/sideBg.gif" publishTime="02/19/2014 15:21:31" />
    <file relUrl="scripts/kindEditor/plugins/emoticons/4.gif" publishTime="02/18/2014 10:30:49" />
    <file relUrl="scripts/kindEditor/plugins/emoticons/74.gif" publishTime="02/18/2014 10:30:49" />
    <file relUrl="img/html-oneback.jpg" publishTime="02/12/2014 13:29:32" />
    <file relUrl="img0/jingui-icon35.gif" publishTime="04/28/2014 13:50:52" />
    <file relUrl="Themes/Standard/Common_Header2.ascx" publishTime="05/07/2014 13:53:54" />
    <file relUrl="scripts/kindEditor/plugins/emoticons/33.gif" publishTime="02/18/2014 10:30:49" />
    <file relUrl="img0/fb.png" publishTime="05/05/2014 11:41:38" />
    <file relUrl="scripts/lhgdialog/images/d_btn.gif" publishTime="02/18/2014 10:30:49" />
    <file relUrl="img0/zryxbjk.png" publishTime="04/30/2014 14:31:12" />
    <file relUrl="scripts/lhgdialog/_skins/areo_gray/d_btn.gif" publishTime="02/18/2014 10:30:49" />
    <file relUrl="img0/neiyebeij.png" publishTime="05/04/2014 15:09:41" />
    <file relUrl="UI/UEditor/third-party/swfupload/fileprogress.js" publishTime="02/19/2014 09:11:30" />
    <file relUrl="img0/55.png" publishTime="04/28/2014 13:50:52" />
    <file relUrl="img/zhushou-8.png" publishTime="02/12/2014 13:29:32" />
    <file relUrl="scripts/My97DatePicker/skin/ext/datepicker.css" publishTime="02/18/2014 10:30:50" />
    <file relUrl="UI/UEditor/dialogs/video/video.js" publishTime="02/19/2014 09:11:30" />
    <file relUrl="Global.asax" publishTime="11/09/2013 15:35:12" />
    <file relUrl="img0/5656.png" publishTime="04/28/2014 13:50:52" />
    <file relUrl="bin/Game.Utils.pdb" publishTime="05/10/2014 10:48:02" />
    <file relUrl="img/icon6.png" publishTime="02/12/2014 13:29:32" />
    <file relUrl="img/jinqiangui-img3.jpg" publishTime="02/12/2014 13:29:32" />
    <file relUrl="css/StyleSheet.css" publishTime="05/14/2014 17:51:15" />
    <file relUrl="img0/title_game.png" publishTime="04/28/2014 17:51:39" />
    <file relUrl="bin/Game.IData.xml" publishTime="05/12/2014 10:53:01" />
    <file relUrl="img0/txwb.png" publishTime="05/05/2014 11:41:38" />
    <file relUrl="images/arrSmall.gif" publishTime="02/19/2014 15:21:31" />
    <file relUrl="UI/UEditor/third-party/snapscreen/setup.exe" publishTime="02/19/2014 09:11:30" />
    <file relUrl="scripts/kindEditor/plugins/image/images/refresh.gif" publishTime="02/18/2014 10:30:49" />
    <file relUrl="bin/Game.Kernel.dll" publishTime="05/10/2014 10:48:03" />
    <file relUrl="App_Browsers/ie.browser" publishTime="05/08/2014 10:46:11" />
    <file relUrl="scripts/lhgdialog/_skins/default/d_btn.gif" publishTime="02/18/2014 10:30:50" />
    <file relUrl="img/niuniu_icon.png" publishTime="02/12/2014 13:29:32" />
    <file relUrl="img0/anniu.png" publishTime="04/28/2014 13:50:52" />
    <file relUrl="scripts/kindEditor/plugins/emoticons/25.gif" publishTime="02/18/2014 10:30:49" />
    <file relUrl="flash/swf_new.swf" publishTime="04/28/2014 14:13:22" />
    <file relUrl="bin/Game.Kernel.pdb" publishTime="05/10/2014 10:48:03" />
    <file relUrl="scripts/kindEditor/skins/common/loading.gif" publishTime="02/18/2014 10:30:49" />
    <file relUrl="scripts/kindEditor/plugins/emoticons/114.gif" publishTime="02/18/2014 10:30:49" />
    <file relUrl="img0/r02.png" publishTime="05/12/2014 17:13:05" />
    <file relUrl="img0/btn_ldogin001.png" publishTime="05/12/2014 11:02:22" />
    <file relUrl="scripts/kindEditor/plugins/media.html" publishTime="02/18/2014 10:30:49" />
    <file relUrl="scripts/kindEditor/plugins/emoticons/53.gif" publishTime="02/18/2014 10:30:49" />
    <file relUrl="js/lhgdialog/images/d_bg.gif" publishTime="11/09/2013 15:35:11" />
    <file relUrl="UI/UEditor/server/submit/net/getRemoteImage.ashx" publishTime="02/19/2014 09:11:30" />
    <file relUrl="scripts/kindEditor/plugins/emoticons/3.gif" publishTime="02/18/2014 10:30:49" />
    <file relUrl="scripts/kindEditor/plugins/image/images/align_left.gif" publishTime="02/18/2014 10:30:49" />
    <file relUrl="scripts/lhgdialog/lhgdialog.css" publishTime="02/18/2014 10:30:49" />
    <file relUrl="img0/top.png" publishTime="04/28/2014 13:50:52" />
    <file relUrl="scripts/kindEditor/plugins/emoticons/111.gif" publishTime="02/18/2014 10:30:49" />
    <file relUrl="js/My97DatePicker/skin/ext/glass-bg.gif" publishTime="11/09/2013 15:35:11" />
    <file relUrl="img0/bpng.png" publishTime="05/05/2014 11:40:34" />
    <file relUrl="img0/safe.gif" publishTime="04/28/2014 13:50:52" />
    <file relUrl="js/lhgdialog/images/bottom.png" publishTime="11/09/2013 15:35:11" />
    <file relUrl="scripts/kindEditor/plugins/emoticons/75.gif" publishTime="02/18/2014 10:30:49" />
    <file relUrl="img0/r0101.png" publishTime="05/14/2014 16:53:53" />
    <file relUrl="images/arrBig1.gif" publishTime="02/19/2014 15:21:31" />
    <file relUrl="scripts/kindEditor/plugins/emoticons/131.gif" publishTime="02/18/2014 10:30:49" />
    <file relUrl="img/game-icon2.jpg" publishTime="02/14/2014 12:43:29" />
    <file relUrl="UI/UEditor/dialogs/image/callbacks.js" publishTime="02/19/2014 09:11:30" />
    <file relUrl="scripts/kindEditor/skins/common/editor.css" publishTime="02/18/2014 10:30:49" />
    <file relUrl="scripts/kindEditor/plugins/emoticons/103.gif" publishTime="02/18/2014 10:30:49" />
    <file relUrl="images/loginBtn.jpg" publishTime="02/19/2014 15:21:31" />
    <file relUrl="js/lhgdialog/images/d_x.gif" publishTime="11/09/2013 15:35:11" />
    <file relUrl="Themes/Standard/User_Info.ascx" publishTime="05/08/2014 14:35:22" />
    <file relUrl="scripts/kindEditor/plugins/emoticons/17.gif" publishTime="02/18/2014 10:30:49" />
    <file relUrl="img0/list_bottom_top.png" publishTime="04/29/2014 11:24:06" />
    <file relUrl="UI/UEditor/server/submit/net/getContent.ashx" publishTime="02/19/2014 09:11:30" />
    <file relUrl="img0/list_right_bottom.png" publishTime="04/28/2014 13:50:52" />
    <file relUrl="UI/UEditor/server/crossdomain.xml" publishTime="02/19/2014 09:11:30" />
    <file relUrl="scripts/kindEditor/plugins/emoticons/42.gif" publishTime="02/18/2014 10:30:49" />
    <file relUrl="scripts/lhgdialog/_skins/areo_blue/top.png" publishTime="02/18/2014 10:30:49" />
    <file relUrl="UI/UEditor/dialogs/wordimage/wordimage.js" publishTime="02/19/2014 09:11:30" />
    <file relUrl="scripts/kindEditor/plugins/emoticons/92.gif" publishTime="02/18/2014 10:30:49" />
    <file relUrl="img/jinku-wizi1.png" publishTime="02/12/2014 13:29:32" />
    <file relUrl="scripts/kindEditor/plugins/image/images/align_top.gif" publishTime="02/18/2014 10:30:49" />
    <file relUrl="css/gerenxinxizhongxin.css" publishTime="01/20/2014 16:20:53" />
    <file relUrl="scripts/kindEditor/plugins/emoticons/31.gif" publishTime="02/18/2014 10:30:49" />
    <file relUrl="scripts/lhgdialog/_skins/skyblue2/dialog_mrt.png" publishTime="02/18/2014 10:30:50" />
    <file relUrl="scripts/My97DatePicker/skin/ext/left-btn2.gif" publishTime="02/18/2014 10:30:50" />
    <file relUrl="scripts/kindEditor/plugins/file_manager/images/file-16.gif" publishTime="02/18/2014 10:30:49" />
    <file relUrl="img0/tu01.png" publishTime="04/28/2014 13:50:52" />
    <file relUrl="images/girl.gif" publishTime="02/19/2014 15:21:31" />
    <file relUrl="img/game-youxijieshao.png" publishTime="02/18/2014 10:13:02" />
    <file relUrl="scripts/My97DatePicker/skin/whyGreen/datepicker.css" publishTime="02/18/2014 10:30:50" />
    <file relUrl="UI/UEditor/themes/default/images/topbottom_focus.jpg" publishTime="02/19/2014 09:11:30" />
    <file relUrl="ads/Images/ads.css" publishTime="11/09/2013 15:35:15" />
    <file relUrl="img/jinguibeijing-2.jpg" publishTime="02/12/2014 13:29:32" />
    <file relUrl="js/formValidator.js" publishTime="11/09/2013 15:35:11" />
    <file relUrl="img0/qsrje.png" publishTime="04/29/2014 12:34:58" />
    <file relUrl="scripts/lhgdialog/_skins/areo_gray/leftBottom.png" publishTime="02/18/2014 10:30:49" />
    <file relUrl="config/pm.config" publishTime="11/09/2013 15:35:12" />
    <file relUrl="UI/UEditor/themes/default/images/button-bg.gif" publishTime="02/19/2014 09:11:30" />
    <file relUrl="images/up.gif" publishTime="02/19/2014 15:21:31" />
    <file relUrl="images/login05.png" publishTime="02/19/2014 15:21:31" />
    <file relUrl="scripts/lhgdialog/_skins/skyblue2/dialog_lt.png" publishTime="02/18/2014 10:30:50" />
    <file relUrl="img0/forgetpwd.png" publishTime="04/30/2014 14:38:09" />
    <file relUrl="scripts/My97DatePicker/config.js" publishTime="02/18/2014 10:30:50" />
    <file relUrl="Service/LiveCasino.aspx" publishTime="05/14/2014 16:43:43" />
    <file relUrl="img0/dsdf.png" publishTime="04/29/2014 17:24:18" />
    <file relUrl="img/chongzhi-img.png" publishTime="02/18/2014 10:13:02" />
    <file relUrl="img/icon4w.png" publishTime="02/12/2014 13:29:32" />
    <file relUrl="img/BCbtn.png" publishTime="02/12/2014 13:29:32" />
    <file relUrl="DownLoad.aspx" publishTime="11/09/2013 15:35:12" />
    <file relUrl="UI/UEditor/themes/default/images/upload.png" publishTime="02/19/2014 09:11:30" />
    <file relUrl="css/style.css" publishTime="05/14/2014 16:58:26" />
    <file relUrl="img0/dzpk.png" publishTime="04/28/2014 13:50:52" />
    <file relUrl="img/cunkuanxx-4.jpg" publishTime="02/14/2014 10:33:51" />
    <file relUrl="images/down.gif" publishTime="02/19/2014 15:21:31" />
    <file relUrl="scripts/kindEditor/plugins/emoticons/60.gif" publishTime="02/18/2014 10:30:49" />
    <file relUrl="img/leftbackimg.png" publishTime="02/12/2014 13:29:32" />
    <file relUrl="scripts/kindEditor/skins/common/flash.gif" publishTime="02/18/2014 10:30:49" />
    <file relUrl="scripts/kindEditor/plugins/emoticons/120.gif" publishTime="02/18/2014 10:30:49" />
    <file relUrl="Download/Plaza.exe" publishTime="02/10/2014 11:02:06" />
    <file relUrl="Themes/Standard/User_Sidebar2.ascx" publishTime="02/15/2014 15:22:26" />
    <file relUrl="img0/failure.png" publishTime="05/06/2014 17:12:22" />
    <file relUrl="scripts/kindEditor/plugins/emoticons/5.gif" publishTime="02/18/2014 10:30:49" />
    <file relUrl="img0/gamea5.png" publishTime="04/28/2014 13:50:52" />
    <file relUrl="config/protection.xml" publishTime="11/09/2013 15:35:12" />
    <file relUrl="img0/r005.png" publishTime="05/12/2014 17:09:38" />
    <file relUrl="scripts/kindEditor/plugins/emoticons/50.gif" publishTime="02/18/2014 10:30:49" />
    <file relUrl="bin/AspNetPager.dll" publishTime="11/09/2013 15:35:14" />
    <file relUrl="img0/xiatu03.png" publishTime="04/28/2014 13:50:52" />
    <file relUrl="img/icon6w.png" publishTime="02/12/2014 13:29:32" />
    <file relUrl="js/My97DatePicker/skin/ext/hd-sprite.gif" publishTime="11/09/2013 15:35:11" />
    <file relUrl="img0/bydz02.png" publishTime="05/05/2014 13:48:53" />
    <file relUrl="Login.aspx" publishTime="05/07/2014 15:54:41" />
    <file relUrl="img/tikuanlightleft.jpg" publishTime="02/12/2014 13:29:32" />
    <file relUrl="flash/qk.swf" publishTime="05/12/2014 17:11:07" />
    <file relUrl="img0/kuangkuang.png" publishTime="05/06/2014 17:30:36" />
    <file relUrl="flash/lo.swf" publishTime="04/28/2014 17:44:39" />
    <file relUrl="img0/12.png" publishTime="04/28/2014 13:50:52" />
    <file relUrl="css/game.css" publishTime="02/07/2014 16:10:12" />
    <file relUrl="UI/UEditor/third-party/snapscreen/user_manual.txt" publishTime="02/19/2014 09:11:30" />
    <file relUrl="scripts/kindEditor/plugins/emoticons/76.gif" publishTime="02/18/2014 10:30:49" />
    <file relUrl="scripts/lhgdialog/_skins/default/d_bg.gif" publishTime="02/18/2014 10:30:50" />
    <file relUrl="UI/UEditor/themes/default/images/right_focus.jpg" publishTime="02/19/2014 09:11:30" />
    <file relUrl="scripts/kindEditor/plugins/file_manager/images/folder-16.gif" publishTime="02/18/2014 10:30:49" />
    <file relUrl="images/login03.png" publishTime="02/19/2014 15:21:31" />
    <file relUrl="img/iconw.png" publishTime="02/12/2014 13:29:32" />
    <file relUrl="img/gerenxinxi-iocn2.png" publishTime="02/12/2014 13:29:32" />
    <file relUrl="newpage/images/top.jpg" publishTime="01/23/2014 12:30:22" />
    <file relUrl="js/jquery-1.4.1.min.js" publishTime="01/14/2014 14:46:35" />
    <file relUrl="img/bank-jianshe.jpg" publishTime="02/12/2014 13:29:32" />
    <file relUrl="UI/UEditor/dialogs/image/image.js" publishTime="02/19/2014 09:11:30" />
    <file relUrl="scripts/kindEditor/plugins/emoticons/14.gif" publishTime="02/18/2014 10:30:49" />
    <file relUrl="img0/bydz.png" publishTime="05/05/2014 13:48:53" />
    <file relUrl="Service/ServiceTerms.aspx" publishTime="05/07/2014 16:57:07" />
    <file relUrl="img0/thin.png" publishTime="04/28/2014 13:50:52" />
    <file relUrl="scripts/kindEditor/plugins/file_manager/file_manager.js" publishTime="02/18/2014 10:30:49" />
    <file relUrl="js/passwordStrength.js" publishTime="11/09/2013 15:35:11" />
    <file relUrl="img0/25.png" publishTime="04/28/2014 13:50:52" />
    <file relUrl="scripts/kindEditor/plugins/emoticons/34.gif" publishTime="02/18/2014 10:30:49" />
    <file relUrl="js/lhgdialog/_skins/areo_blue/leftBottom.png" publishTime="11/09/2013 15:35:11" />
    <file relUrl="scripts/lhgdialog/images/leftBottom.png" publishTime="02/18/2014 10:30:49" />
    <file relUrl="js/lhgdialog/_skins/areo_gray/rightBottom.png" publishTime="11/09/2013 15:35:11" />
    <file relUrl="UI/UEditor/dialogs/wordimage/fClipboard_ueditor.swf" publishTime="02/19/2014 09:11:30" />
    <file relUrl="img/game-bannertop.png" publishTime="02/12/2014 13:29:32" />
    <file relUrl="scripts/My97DatePicker/lang/en.js" publishTime="02/18/2014 10:30:50" />
    <file relUrl="img/咨询留言.jpg" publishTime="02/10/2014 17:09:18" />
    <file relUrl="js/lhgdialog/_skins/default/lhgdialog.css" publishTime="11/09/2013 15:35:11" />
    <file relUrl="js/lhgdialog/images/rightTop.png" publishTime="11/09/2013 15:35:11" />
    <file relUrl="scripts/kindEditor/plugins/emoticons/38.gif" publishTime="02/18/2014 10:30:49" />
    <file relUrl="img0/bjt.png" publishTime="05/12/2014 17:08:36" />
    <file relUrl="scripts/kindEditor/plugins/emoticons/32.gif" publishTime="02/18/2014 10:30:49" />
    <file relUrl="js/inputCheck.js" publishTime="11/09/2013 15:35:11" />
    <file relUrl="scripts/kindEditor/plugins/emoticons/79.gif" publishTime="02/18/2014 10:30:49" />
    <file relUrl="js/lhgdialog/_skins/areo_gray/left.png" publishTime="11/09/2013 15:35:11" />
    <file relUrl="js/My97DatePicker/skin/whyGreen/datepicker.css" publishTime="11/09/2013 15:35:11" />
    <file relUrl="scripts/My97DatePicker/skin/default/datepicker.css" publishTime="02/18/2014 10:30:50" />
    <file relUrl="img0/8.png" publishTime="04/28/2014 13:50:52" />
    <file relUrl="scripts/kindEditor/plugins/flash.html" publishTime="02/18/2014 10:30:49" />
    <file relUrl="img/icon5.gif" publishTime="02/15/2014 17:09:39" />
    <file relUrl="scripts/kindEditor/plugins/emoticons/88.gif" publishTime="02/18/2014 10:30:49" />
    <file relUrl="scripts/kindEditor/asp/demo.asp" publishTime="02/18/2014 10:30:49" />
    <file relUrl="img/jinqiangui-icon2.png" publishTime="02/12/2014 13:29:32" />
    <file relUrl="scripts/kindEditor/plugins/emoticons/83.gif" publishTime="02/18/2014 10:30:49" />
    <file relUrl="img0/eeee.png" publishTime="05/05/2014 11:41:38" />
    <file relUrl="img0/game1.png" publishTime="04/28/2014 13:50:52" />
    <file relUrl="scripts/kindEditor/skins/common/rm.gif" publishTime="02/18/2014 10:30:49" />
    <file relUrl="scripts/kindEditor/plugins/emoticons/102.gif" publishTime="02/18/2014 10:30:49" />
    <file relUrl="img0/changePwd.png" publishTime="05/06/2014 11:20:28" />
    <file relUrl="scripts/kindEditor/plugins/about.html" publishTime="02/18/2014 10:30:49" />
    <file relUrl="img0/20140505172429.png" publishTime="05/05/2014 17:33:50" />
    <file relUrl="scripts/lhgdialog/_skins/default/d_x.gif" publishTime="02/18/2014 10:30:50" />
    <file relUrl="scripts/kindEditor/skins/default.css" publishTime="02/18/2014 10:30:49" />
    <file relUrl="img0/tu04.png" publishTime="05/05/2014 17:01:09" />
    <file relUrl="UI/UEditor/dialogs/wordimage/wordimage.html" publishTime="02/19/2014 09:11:30" />
    <file relUrl="img0/gamea6.png" publishTime="04/28/2014 13:50:52" />
    <file relUrl="images/boy.gif" publishTime="02/19/2014 15:21:31" />
    <file relUrl="js/lhgdialog/images/wait.gif" publishTime="11/09/2013 15:35:11" />
    <file relUrl="img0/jingui-icon35.png" publishTime="04/28/2014 13:50:52" />
    <file relUrl="img0/duihjao.png" publishTime="05/06/2014 13:04:06" />
    <file relUrl="scripts/lhgdialog/_skins/skyblue2/dialog_rb.png" publishTime="02/18/2014 10:30:50" />
    <file relUrl="scripts/lhgdialog/images/wait.gif" publishTime="02/18/2014 10:30:49" />
    <file relUrl="scripts/lhgdialog/_skins/areo_blue/rightBottom.png" publishTime="02/18/2014 10:30:49" />
    <file relUrl="scripts/kindEditor/plugins/emoticons/52.gif" publishTime="02/18/2014 10:30:49" />
    <file relUrl="scripts/kindEditor/plugins/file_manager/file_manager.html" publishTime="02/18/2014 10:30:49" />
    <file relUrl="js/My97DatePicker/skin/whyGreen/img.gif" publishTime="11/09/2013 15:35:11" />
    <file relUrl="UI/UEditor/third-party/swfupload/swfupload.proxy.js" publishTime="02/19/2014 09:11:30" />
    <file relUrl="Service/ContactUs.aspx" publishTime="05/07/2014 16:57:16" />
    <file relUrl="js/My97DatePicker/skin/ext/right-btn2.gif" publishTime="11/09/2013 15:35:11" />
    <file relUrl="img0/help01.png" publishTime="04/28/2014 13:50:52" />
    <file relUrl="UI/UEditor/themes/default/images/localimage.jpg" publishTime="02/19/2014 09:11:30" />
    <file relUrl="img0/czytk.png" publishTime="05/07/2014 10:14:42" />
    <file relUrl="newpage/MyPrize.css" publishTime="01/23/2014 12:30:22" />
    <file relUrl="UI/UEditor/server/upload/net/snapImgUp.ashx" publishTime="02/19/2014 09:11:30" />
    <file relUrl="img/jshead.png" publishTime="02/12/2014 13:29:32" />
    <file relUrl="js/lhgdialog/_skins/areo_blue/left.png" publishTime="11/09/2013 15:35:11" />
    <file relUrl="img/Issue.jpg" publishTime="02/12/2014 13:29:32" />
    <file relUrl="scripts/kindEditor/plugins/emoticons/21.gif" publishTime="02/18/2014 10:30:49" />
    <file relUrl="scripts/lhgdialog/_skins/skyblue2/dialog_closebtn_over.png" publishTime="02/18/2014 10:30:50" />
    <file relUrl="img/dezhou_icon.png" publishTime="02/12/2014 13:29:32" />
    <file relUrl="Themes/Standard/LeftNav.ascx" publishTime="05/08/2014 13:28:35" />
    <file relUrl="UI/UEditor/third-party/swfupload/swfupload_fp9.swf" publishTime="02/19/2014 09:11:30" />
    <file relUrl="img0/45.png" publishTime="04/28/2014 13:50:52" />
    <file relUrl="Tools/FilesUpload.aspx" publishTime="02/19/2014 14:58:56" />
    <file relUrl="scripts/messages_cn.js" publishTime="02/18/2014 10:30:50" />
    <file relUrl="img0/tu041.png" publishTime="05/05/2014 17:01:08" />
    <file relUrl="scripts/kindEditor/plugins/emoticons/100.gif" publishTime="02/18/2014 10:30:49" />
    <file relUrl="img0/title_tk.png" publishTime="04/28/2014 13:50:52" />
    <file relUrl="UI/UEditor/themes/default/images/icons.gif" publishTime="02/19/2014 09:11:30" />
    <file relUrl="scripts/kindEditor/plugins/emoticons/16.gif" publishTime="02/18/2014 10:30:49" />
    <file relUrl="scripts/My97DatePicker/lang/zh-tw.js" publishTime="02/18/2014 10:30:50" />
    <file relUrl="img0/xskf.png" publishTime="05/12/2014 17:10:24" />
    <file relUrl="bin/System.Web.DataVisualization.dll" publishTime="10/29/2012 02:37:09" />
    <file relUrl="img/gamedoloud1.png" publishTime="02/12/2014 13:29:32" />
    <file relUrl="scripts/My97DatePicker/skin/whyGreen/bg.jpg" publishTime="02/18/2014 10:30:50" />
    <file relUrl="img0/xiatu01.png" publishTime="04/28/2014 13:50:52" />
    <file relUrl="scripts/kindEditor/plugins/emoticons/108.gif" publishTime="02/18/2014 10:30:49" />
    <file relUrl="flash/LOGO33333.swf" publishTime="05/14/2014 16:25:51" />
    <file relUrl="img/tijiaoicon.png" publishTime="02/12/2014 13:29:32" />
    <file relUrl="UI/UEditor/third-party/snapscreen/UEditorSnapscreen.exe" publishTime="02/19/2014 09:11:30" />
    <file relUrl="img0/youhui3.png" publishTime="04/28/2014 13:50:52" />
    <file relUrl="js/formValidatorRegex.js" publishTime="11/09/2013 15:35:11" />
    <file relUrl="scripts/My97DatePicker/WdatePicker.js" publishTime="02/18/2014 10:30:50" />
    <file relUrl="img/left icon.png" publishTime="02/10/2014 17:09:17" />
    <file relUrl="scripts/JQuery.js" publishTime="02/18/2014 10:30:49" />
    <file relUrl="img0/btn_ldogin01.png" publishTime="05/12/2014 11:02:22" />
    <file relUrl="img0/zjh01.png" publishTime="04/28/2014 13:50:52" />
    <file relUrl="css/Untitled-2.css" publishTime="03/24/2014 16:10:35" />
    <file relUrl="images/login01.png" publishTime="02/19/2014 15:21:31" />
    <file relUrl="js/Check.js" publishTime="11/09/2013 15:35:11" />
    <file relUrl="scripts/kindEditor/plugins/emoticons/24.gif" publishTime="02/18/2014 10:30:49" />
    <file relUrl="scripts/kindEditor/plugins/emoticons/110.gif" publishTime="02/18/2014 10:30:49" />
    <file relUrl="UI/UEditor/themes/default/images/cancelbutton.gif" publishTime="02/19/2014 09:11:30" />
    <file relUrl="scripts/lhgdialog/_skins/skyblue2/lhgdialog.css" publishTime="02/18/2014 10:30:50" />
    <file relUrl="img/flashbackgroud01.jpg" publishTime="02/12/2014 13:29:32" />
    <file relUrl="scripts/kindEditor/plugins/emoticons/57.gif" publishTime="02/18/2014 10:30:49" />
    <file relUrl="scripts/common.js" publishTime="02/18/2014 10:30:49" />
    <file relUrl="img/icon11w.gif" publishTime="02/15/2014 17:15:25" />
    <file relUrl="img0/gb02.png" publishTime="05/05/2014 13:48:53" />
    <file relUrl="scripts/My97DatePicker/skin/ext/dateselect.gif" publishTime="02/18/2014 10:30:50" />
    <file relUrl="img/game-icon4.jpg" publishTime="02/15/2014 16:15:32" />
    <file relUrl="UI/UEditor/third-party/snapscreen/Snapsie.dll" publishTime="02/19/2014 09:11:30" />
    <file relUrl="css/xiugd.css" publishTime="02/17/2014 10:38:11" />
    <file relUrl="flash/expressInstall.swf" publishTime="05/12/2014 17:27:54" />
    <file relUrl="img/game-icon1.jpg" publishTime="02/14/2014 13:00:40" />
    <file relUrl="img/tikuan-wenzi.png" publishTime="02/18/2014 10:13:02" />
    <file relUrl="scripts/kindEditor/plugins/emoticons/104.gif" publishTime="02/18/2014 10:30:49" />
    <file relUrl="UI/UEditor/themes/default/images/anchor.gif" publishTime="02/19/2014 09:11:30" />
    <file relUrl="img/icon6.gif" publishTime="02/15/2014 17:09:39" />
    <file relUrl="UI/UEditor/themes/default/images/word.gif" publishTime="02/19/2014 09:11:30" />
    <file relUrl="img0/list_right_top.png" publishTime="04/28/2014 13:50:52" />
    <file relUrl="scripts/kindEditor/plugins/emoticons/84.gif" publishTime="02/18/2014 10:30:49" />
    <file relUrl="img0/list_right_main.png" publishTime="04/28/2014 13:50:52" />
    <file relUrl="UI/UEditor/themes/default/images/tablepicker/unhighlighted.gif" publishTime="02/19/2014 09:11:30" />
    <file relUrl="img0/xlhsbj.png" publishTime="05/15/2014 15:48:08" />
    <file relUrl="scripts/kindEditor/plugins/emoticons/68.gif" publishTime="02/18/2014 10:30:49" />
    <file relUrl="UI/UEditor/dialogs/tangram.js" publishTime="02/19/2014 09:11:30" />
    <file relUrl="img0/gamea1.png" publishTime="04/28/2014 13:50:52" />
    <file relUrl="scripts/kindEditor/plugins/emoticons/13.gif" publishTime="02/18/2014 10:30:49" />
    <file relUrl="img0/title_stre.png" publishTime="04/29/2014 16:44:37" />
    <file relUrl="ads/GameFrame.aspx" publishTime="11/09/2013 15:35:15" />
    <file relUrl="scripts/kindEditor/plugins/emoticons/46.gif" publishTime="02/18/2014 10:30:49" />
    <file relUrl="js/My97DatePicker/WdatePicker.js" publishTime="11/09/2013 15:35:11" />
    <file relUrl="img/changjianwenti-icon.png" publishTime="02/12/2014 13:29:32" />
    <file relUrl="js/lhgdialog/_skins/skyblue2/dialog_closebtn.png" publishTime="11/09/2013 15:35:11" />
    <file relUrl="Service/Standby.aspx" publishTime="05/14/2014 17:49:11" />
    <file relUrl="css/reg_layout.css" publishTime="04/28/2014 16:50:39" />
    <file relUrl="scripts/kindEditor/plugins/emoticons/129.gif" publishTime="02/18/2014 10:30:49" />
    <file relUrl="img/doudizhu_icon.png" publishTime="02/14/2014 09:24:17" />
    <file relUrl="js/My97DatePicker/skin/blueFresh/img.gif" publishTime="11/09/2013 15:35:11" />
    <file relUrl="img/index-shugang.png" publishTime="02/12/2014 13:29:32" />
    <file relUrl="img/BCbackground.jpg" publishTime="02/12/2014 13:29:32" />
    <file relUrl="scripts/kindEditor/plugins/emoticons/48.gif" publishTime="02/18/2014 10:30:49" />
    <file relUrl="img0/tu02.png" publishTime="04/28/2014 13:50:52" />
    <file relUrl="ads/Images/ClosePlaza.swf" publishTime="11/09/2013 15:35:15" />
    <file relUrl="ads/Script/gameflash.js" publishTime="11/09/2013 15:35:15" />
    <file relUrl="scripts/kindEditor/skins/default/default.gif" publishTime="02/18/2014 10:30:49" />
    <file relUrl="Service/JoinUs.aspx" publishTime="05/12/2014 11:12:30" />
    <file relUrl="UI/UEditor/dialogs/image/image.html" publishTime="02/19/2014 09:11:30" />
    <file relUrl="js/lhgdialog/_skins/areo_blue/xbtn.png" publishTime="11/09/2013 15:35:11" />
    <file relUrl="scripts/kindEditor/plugins/advtable/advtable.html" publishTime="02/18/2014 10:30:49" />
    <file relUrl="img0/diz01.png" publishTime="04/28/2014 13:50:52" />
    <file relUrl="js/lhgdialog/_skins/areo_blue/leftTop.png" publishTime="11/09/2013 15:35:11" />
    <file relUrl="bin/Game.Data.xml" publishTime="05/12/2014 10:53:01" />
    <file relUrl="img0/youhui2.png" publishTime="04/28/2014 13:50:52" />
    <file relUrl="UI/UEditor/themes/default/images/tablepicker/highlighted.gif" publishTime="02/19/2014 09:11:30" />
    <file relUrl="img0/dfsdf.png" publishTime="05/07/2014 10:14:43" />
    <file relUrl="img/icon2w.png" publishTime="02/12/2014 13:29:32" />
    <file relUrl="js/My97DatePicker/My97DatePicker.htm" publishTime="11/09/2013 15:35:11" />
    <file relUrl="img/prizelist.png" publishTime="02/12/2014 13:29:32" />
    <file relUrl="scripts/kindEditor/plugins/emoticons/89.gif" publishTime="02/18/2014 10:30:49" />
    <file relUrl="img0/zxtk002.png" publishTime="05/07/2014 10:14:43" />
    <file relUrl="css/zhuce.css" publishTime="02/17/2014 11:54:27" />
    <file relUrl="scripts/kindEditor/plugins/emoticons/0.gif" publishTime="02/18/2014 10:30:49" />
    <file relUrl="img/icon5.png" publishTime="02/12/2014 13:29:32" />
    <file relUrl="scripts/kindEditor/plugins/emoticons/98.gif" publishTime="02/18/2014 10:30:49" />
    <file relUrl="img/icon3.gif" publishTime="02/15/2014 17:09:39" />
    <file relUrl="scripts/kindEditor/plugins/emoticons/97.gif" publishTime="02/18/2014 10:30:49" />
    <file relUrl="img0/game4.png" publishTime="04/28/2014 13:50:52" />
    <file relUrl="bin/Game.Data.dll" publishTime="05/12/2014 10:53:01" />
    <file relUrl="img/left icon2 (2).png" publishTime="02/12/2014 13:29:32" />
    <file relUrl="Service/Promotions.aspx" publishTime="05/15/2014 09:37:25" />
    <file relUrl="scripts/lhgdialog/_skins/areo_gray/top.png" publishTime="02/18/2014 10:30:50" />
    <file relUrl="img/icon5w.png" publishTime="02/12/2014 13:29:32" />
    <file relUrl="img0/ahover.png" publishTime="04/28/2014 13:50:52" />
    <file relUrl="scripts/kindEditor/plugins/emoticons/122.gif" publishTime="02/18/2014 10:30:49" />
    <file relUrl="scripts/kindEditor/plugins/emoticons/61.gif" publishTime="02/18/2014 10:30:49" />
    <file relUrl="UI/UEditor/themes/default/ueditor.css" publishTime="02/19/2014 09:11:30" />
    <file relUrl="UI/UEditor/dialogs/image/imageUploader.swf" publishTime="02/19/2014 09:11:30" />
    <file relUrl="UI/UEditor/dialogs/image/tangram.js" publishTime="02/19/2014 09:11:30" />
    <file relUrl="scripts/kindEditor/plugins/emoticons/64.gif" publishTime="02/18/2014 10:30:49" />
    <file relUrl="scripts/lhgdialog/_skins/skyblue2/dialog_lb.png" publishTime="02/18/2014 10:30:50" />
    <file relUrl="js/11/float.js" publishTime="01/21/2014 10:48:46" />
    <file relUrl="img0/dbtp.png" publishTime="04/28/2014 13:50:52" />
    <file relUrl="scripts/kindEditor/plugins/emoticons/45.gif" publishTime="02/18/2014 10:30:49" />
    <file relUrl="img0/gamea2.png" publishTime="04/28/2014 13:50:52" />
    <file relUrl="UI/UEditor/server/upload/net/up.aspx" publishTime="02/19/2014 09:11:30" />
    <file relUrl="img0/huangya.png" publishTime="04/28/2014 13:50:52" />
    <file relUrl="img/game-icon6.jpg" publishTime="02/15/2014 16:15:33" />
    <file relUrl="UI/UEditor/themes/default/images/copy.png" publishTime="02/19/2014 09:11:30" />
    <file relUrl="scripts/kindEditor/plugins/emoticons/72.gif" publishTime="02/18/2014 10:30:49" />
    <file relUrl="scripts/kindEditor/plugins/emoticons/54.gif" publishTime="02/18/2014 10:30:49" />
    <file relUrl="UI/UEditor/third-party/codemirror2.15/codemirror.js" publishTime="02/19/2014 09:11:30" />
    <file relUrl="scripts/kindEditor/asp/upload_json.asp" publishTime="02/18/2014 10:30:49" />
    <file relUrl="scripts/My97DatePicker/skin/blueFresh/img.gif" publishTime="02/18/2014 10:30:50" />
    <file relUrl="img/game-icon3.jpg" publishTime="02/15/2014 16:15:33" />
    <file relUrl="js/lhgdialog/images/d_btn.gif" publishTime="11/09/2013 15:35:11" />
    <file relUrl="css/xiugd1.css" publishTime="02/18/2014 12:28:05" />
    <file relUrl="js/My97DatePicker/skin/default/img.gif" publishTime="11/09/2013 15:35:11" />
    <file relUrl="UI/UEditor/themes/default/images/icons-all.gif" publishTime="02/19/2014 09:11:30" />
    <file relUrl="Service/Notice.aspx" publishTime="05/12/2014 10:54:19" />
    <file relUrl="scripts/kindEditor/plugins/emoticons/86.gif" publishTime="02/18/2014 10:30:49" />
    <file relUrl="scripts/kindEditor/plugins/emoticons/119.gif" publishTime="02/18/2014 10:30:49" />
    <file relUrl="img0/ljkh02.png" publishTime="05/05/2014 13:51:48" />
    <file relUrl="img/gamedoloud.png" publishTime="02/12/2014 13:29:32" />
    <file relUrl="scripts/kindEditor/kindeditor.js" publishTime="02/18/2014 10:30:49" />
    <file relUrl="scripts/kindEditor/plugins/emoticons/101.gif" publishTime="02/18/2014 10:30:49" />
    <file relUrl="img0/fwtk.png" publishTime="04/29/2014 17:22:43" />
    <file relUrl="js/lhgdialog/_skins/areo_blue/lhgdialog.css" publishTime="11/09/2013 15:35:11" />
    <file relUrl="js/My97DatePicker/skin/ext/dateselect.gif" publishTime="11/09/2013 15:35:11" />
    <file relUrl="scripts/kindEditor/plugins/emoticons/20.gif" publishTime="02/18/2014 10:30:49" />
    <file relUrl="scripts/kindEditor/plugins/emoticons/15.gif" publishTime="02/18/2014 10:30:49" />
    <file relUrl="News/IntroduceList.aspx" publishTime="05/14/2014 17:47:46" />
    <file relUrl="img0/xlhsbj01.png" publishTime="05/13/2014 17:20:54" />
    <file relUrl="js/lhgdialog/_skins/skyblue/d_btn.gif" publishTime="11/09/2013 15:35:11" />
    <file relUrl="css/new-1.css" publishTime="01/28/2014 17:27:11" />
    <file relUrl="scripts/kindEditor/plugins/emoticons/10.gif" publishTime="02/18/2014 10:30:49" />
    <file relUrl="img0/title_cz.png" publishTime="04/28/2014 13:50:52" />
    <file relUrl="img/jinku-1.png" publishTime="02/12/2014 13:29:32" />
    <file relUrl="img/logo.png" publishTime="02/12/2014 13:29:32" />
    <file relUrl="img0/laba.png" publishTime="04/28/2014 13:50:52" />
    <file relUrl="img0/nav.png" publishTime="04/28/2014 13:50:52" />
    <file relUrl="js/lhgdialog/_skins/areo_gray/leftBottom.png" publishTime="11/09/2013 15:35:11" />
    <file relUrl="img0/title_grzx.png" publishTime="04/28/2014 13:50:52" />
    <file relUrl="Member/SourceGoldOut.aspx" publishTime="05/14/2014 17:48:05" />
    <file relUrl="js/My97DatePicker/lang/zh-tw.js" publishTime="11/09/2013 15:35:11" />
    <file relUrl="scripts/kindEditor/plugins/wordpaste.html" publishTime="02/18/2014 10:30:49" />
    <file relUrl="img0/ljkh.png" publishTime="05/05/2014 13:51:49" />
    <file relUrl="ads/Images/ClosePlaza.bmp" publishTime="11/09/2013 15:35:15" />
    <file relUrl="img0/youhui1.png" publishTime="04/28/2014 13:50:52" />
    <file relUrl="scripts/kindEditor/plugins/emoticons/39.gif" publishTime="02/18/2014 10:30:49" />
    <file relUrl="UI/UEditor/themes/default/images/imgLable.png" publishTime="02/19/2014 09:11:30" />
    <file relUrl="js/lhgdialog/_skins/skyblue2/dialog_lb.png" publishTime="11/09/2013 15:35:11" />
    <file relUrl="img/tikuanlightleft (2).jpg" publishTime="02/12/2014 13:29:32" />
    <file relUrl="img0/gamea3.png" publishTime="04/28/2014 13:50:52" />
    <file relUrl="scripts/lhgdialog/_skins/areo_gray/left.png" publishTime="02/18/2014 10:30:49" />
    <file relUrl="img0/898.png" publishTime="04/28/2014 13:50:52" />
    <file relUrl="img/gerenxinxizhongxin-1.png" publishTime="02/12/2014 13:29:32" />
    <file relUrl="js/lhgdialog/images/leftBottom.png" publishTime="11/09/2013 15:35:11" />
    <file relUrl="Themes/Standard/User_Logon.ascx" publishTime="05/10/2014 11:11:03" />
    <file relUrl="img/left icon (2).png" publishTime="02/12/2014 13:29:32" />
    <file relUrl="js/lhgdialog/_skins/areo_blue/rightBottom.png" publishTime="11/09/2013 15:35:11" />
    <file relUrl="scripts/kindEditor/plugins/file_manager/file_manager.css" publishTime="02/18/2014 10:30:49" />
    <file relUrl="scripts/lhgdialog/images/rightTop.png" publishTime="02/18/2014 10:30:49" />
    <file relUrl="img0/list_bottom_main.png" publishTime="04/29/2014 11:24:06" />
    <file relUrl="ads/LogonLogo.aspx" publishTime="11/09/2013 15:35:15" />
    <file relUrl="img/icon1.gif" publishTime="02/15/2014 17:05:04" />
    <file relUrl="img/201303230255278282JZd5V_priv.png" publishTime="02/17/2014 11:30:44" />
    <file relUrl="Member/MIndex.aspx" publishTime="05/14/2014 17:44:48" />
    <file relUrl="scripts/kindEditor/plugins/emoticons/85.gif" publishTime="02/18/2014 10:30:49" />
    <file relUrl="img0/dsfdsf.png" publishTime="05/07/2014 10:18:15" />
    <file relUrl="js/lhgdialog/_skins/default/d_bg.gif" publishTime="11/09/2013 15:35:11" />
    <file relUrl="css/changjianwenti.css" publishTime="01/28/2014 22:44:04" />
    <file relUrl="scripts/lhgdialog/_skins/areo_blue/lhgdialog.css" publishTime="02/18/2014 10:30:49" />
    <file relUrl="UI/UEditor/themes/default/images/topbottom.jpg" publishTime="02/19/2014 09:11:30" />
  </publishProfile>
</publishData>